Unity Editor version:    2023.2.22f1 (6b19bf4f8115)
Branch:                  2023.2/release
Build type:              Release
Batch mode:              YES
macOS version:           Version 26.5.1 (Build 25F80)
Darwin version:          25.5.0
Architecture:            arm64
Running under Rosetta:   NO
Available memory:        16384 MB
[Licensing::Module] Trying to connect to existing licensing client channel...
[Licensing::IpcConnector] Successfully connected to the License Client on channel: "LicenseClient-alonrab" at "2026-08-21T01:11:43.261365Z"
[Licensing::Client] Error: Code 10 while verifying Licensing Client signature (process Id: 47277, path: "/Applications/Unity Hub.app/Contents/Frameworks/UnityLicensingClient_V1.app/Contents/MacOS/Unity.Licensing.Client")
[Licensing::Module] Error: LicensingClient has failed validation; ignoring
[Licensing::Client] Handshaking with LicensingClient:
  Version:                 1.17.4+4293ba1
  Session Id:              70afba16593448358dabba9af849c22e
  Correlation Id:          82b470eac3775e4efb32b38b899ab9a3
  External correlation Id: 4517021989400842727
  Machine Id:              Xx9BHgfhjT0mrmIl5IMWt6Qrg+0=
[Licensing::Module] Successfully connected to LicensingClient on channel: "LicenseClient-alonrab" (connect: 0.00s, validation: 0.02s, handshake: 0.29s)
[Licensing::IpcConnector] Successfully connected to the License Notification on channel: "LicenseClient-alonrab-notifications" at "2026-08-21T01:11:43.571186Z"
[Licensing::Module] Error: Access token is unavailable; failed to update
[Licensing::Client] Successfully updated license
[Licensing::Client] Successfully resolved entitlements
[Licensing::Module] Serial number assigned to: "F4-8GK2-8MNJ-WZUJ-EMU8-XXXX"
Pro License: NO
Launching external process: /Applications/Unity/Hub/Editor/2023.2.22f1/Unity.app/Contents/Resources/PackageManager/Server/UnityPackageManager

COMMAND LINE ARGUMENTS:
/Applications/Unity/Hub/Editor/2023.2.22f1/Unity.app/Contents/MacOS/Unity
-batchmode
-quit
-nographics
-projectPath
/Users/alonrab/dev/workspaces/Mosim/2025/MoSimulator-Public
-buildTarget
win64
-executeMethod
Editor.AddressablesModExporter.BuildFromCommandLine
-groups
CitrusCircuitsMod
-logFile
/Users/alonrab/dev/workspaces/Mosim/2025/MoSimulator-Public/Tools/build-logs/build-win64.log
-versions
v1.0.0
-zipNames
CitrusCircuitsMod
Successfully changed project path to: /Users/alonrab/dev/workspaces/Mosim/2025/MoSimulator-Public
/Users/alonrab/dev/workspaces/Mosim/2025/MoSimulator-Public
[UnityMemory] Configuration Parameters - Can be set up in boot.config
    "memorysetup-bucket-allocator-granularity=16"
    "memorysetup-bucket-allocator-bucket-count=8"
    "memorysetup-bucket-allocator-block-size=33554432"
    "memorysetup-bucket-allocator-block-count=8"
    "memorysetup-main-allocator-block-size=16777216"
    "memorysetup-thread-allocator-block-size=16777216"
    "memorysetup-gfx-main-allocator-block-size=16777216"
    "memorysetup-gfx-thread-allocator-block-size=16777216"
    "memorysetup-cache-allocator-block-size=4194304"
    "memorysetup-typetree-allocator-block-size=2097152"
    "memorysetup-profiler-bucket-allocator-granularity=16"
    "memorysetup-profiler-bucket-allocator-bucket-count=8"
    "memorysetup-profiler-bucket-allocator-block-size=33554432"
    "memorysetup-profiler-bucket-allocator-block-count=8"
    "memorysetup-profiler-allocator-block-size=16777216"
    "memorysetup-profiler-editor-allocator-block-size=1048576"
    "memorysetup-temp-allocator-size-main=16777216"
    "memorysetup-job-temp-allocator-block-size=2097152"
    "memorysetup-job-temp-allocator-block-size-background=1048576"
    "memorysetup-job-temp-allocator-reduction-small-platforms=262144"
    "memorysetup-allocator-temp-initial-block-size-main=262144"
    "memorysetup-allocator-temp-initial-block-size-worker=262144"
    "memorysetup-temp-allocator-size-background-worker=32768"
    "memorysetup-temp-allocator-size-job-worker=262144"
    "memorysetup-temp-allocator-size-preload-manager=33554432"
    "memorysetup-temp-allocator-size-nav-mesh-worker=65536"
    "memorysetup-temp-allocator-size-audio-worker=65536"
    "memorysetup-temp-allocator-size-cloud-worker=32768"
    "memorysetup-temp-allocator-size-gi-baking-worker=262144"
    "memorysetup-temp-allocator-size-gi-baking-worker=262144"
    "memorysetup-temp-allocator-size-gi-baking-worker=262144"
    "memorysetup-temp-allocator-size-gi-baking-worker=262144"
    "memorysetup-temp-allocator-size-gfx=262144"
Player connection [8468979328] Host "[IP] 192.168.86.50 [Port] 55504 [Flags] 2 [Guid] 374204142 [EditorId] 374204142 [Version] 1048832 [Id] OSXEditor(0,macbookpro.lan) [Debug] 1 [PackageName] OSXEditor [ProjectName] Editor" joined multi-casting on [225.0.0.222:54997]...
Player connection [8468979328] Host "[IP] 192.168.86.50 [Port] 55504 [Flags] 2 [Guid] 374204142 [EditorId] 374204142 [Version] 1048832 [Id] OSXEditor(0,macbookpro.lan) [Debug] 1 [PackageName] OSXEditor [ProjectName] Editor" joined alternative multi-casting on [225.0.0.222:34997]...
[Physics::Module] Initialized MultithreadedJobDispatcher with 9 workers.
[Package Manager] Connected to IPC stream "Upm-12232" after 1.5 seconds.
Library Redirect Path: Library/
[Licensing::Client] Successfully resolved entitlements
[Package Manager] Restoring resolved packages state from cache
[Licensing::Client] Successfully resolved entitlement details
[Package Manager] Registered 67 packages:
  Packages from [https://packages.unity.com]:
    com.unity.addressables@2.7.6 (location: /Users/alonrab/dev/workspaces/Mosim/2025/MoSimulator-Public/Library/PackageCache/com.unity.addressables@2.7.6)
    com.unity.ai.navigation@2.0.0 (location: /Users/alonrab/dev/workspaces/Mosim/2025/MoSimulator-Public/Library/PackageCache/com.unity.ai.navigation@2.0.0)
    com.unity.cinemachine@3.0.1 (location: /Users/alonrab/dev/workspaces/Mosim/2025/MoSimulator-Public/Library/PackageCache/com.unity.cinemachine@3.0.1)
    com.unity.collab-proxy@2.3.1 (location: /Users/alonrab/dev/workspaces/Mosim/2025/MoSimulator-Public/Library/PackageCache/com.unity.collab-proxy@2.3.1)
    com.unity.ide.rider@3.0.38 (location: /Users/alonrab/dev/workspaces/Mosim/2025/MoSimulator-Public/Library/PackageCache/com.unity.ide.rider@3.0.38)
    com.unity.ide.visualstudio@2.0.23 (location: /Users/alonrab/dev/workspaces/Mosim/2025/MoSimulator-Public/Library/PackageCache/com.unity.ide.visualstudio@2.0.23)
    com.unity.inputsystem@1.7.0 (location: /Users/alonrab/dev/workspaces/Mosim/2025/MoSimulator-Public/Library/PackageCache/com.unity.inputsystem@1.7.0)
    com.unity.recorder@5.0.0 (location: /Users/alonrab/dev/workspaces/Mosim/2025/MoSimulator-Public/Library/PackageCache/com.unity.recorder@5.0.0)
    com.unity.timeline@1.8.8 (location: /Users/alonrab/dev/workspaces/Mosim/2025/MoSimulator-Public/Library/PackageCache/com.unity.timeline@1.8.8)
    com.unity.toolchain.linux-x86_64@2.0.10 (location: /Users/alonrab/dev/workspaces/Mosim/2025/MoSimulator-Public/Library/PackageCache/com.unity.toolchain.linux-x86_64@2.0.10)
    com.unity.toolchain.macos-arm64-linux-x86_64@2.0.5 (location: /Users/alonrab/dev/workspaces/Mosim/2025/MoSimulator-Public/Library/PackageCache/com.unity.toolchain.macos-arm64-linux-x86_64@2.0.5)
    com.unity.toolchain.win-x86_64-linux-x86_64@2.0.11 (location: /Users/alonrab/dev/workspaces/Mosim/2025/MoSimulator-Public/Library/PackageCache/com.unity.toolchain.win-x86_64-linux-x86_64@2.0.11)
    com.unity.visualscripting@1.8.0 (location: /Users/alonrab/dev/workspaces/Mosim/2025/MoSimulator-Public/Library/PackageCache/com.unity.visualscripting@1.8.0)
    com.unity.sysroot@2.0.10 (location: /Users/alonrab/dev/workspaces/Mosim/2025/MoSimulator-Public/Library/PackageCache/com.unity.sysroot@2.0.10)
    com.unity.sysroot.linux-x86_64@2.0.9 (location: /Users/alonrab/dev/workspaces/Mosim/2025/MoSimulator-Public/Library/PackageCache/com.unity.sysroot.linux-x86_64@2.0.9)
    com.unity.ext.nunit@2.0.5 (location: /Users/alonrab/dev/workspaces/Mosim/2025/MoSimulator-Public/Library/PackageCache/com.unity.ext.nunit@2.0.5)
    com.unity.mathematics@1.2.6 (location: /Users/alonrab/dev/workspaces/Mosim/2025/MoSimulator-Public/Library/PackageCache/com.unity.mathematics@1.2.6)
    com.unity.burst@1.8.13 (location: /Users/alonrab/dev/workspaces/Mosim/2025/MoSimulator-Public/Library/PackageCache/com.unity.burst@1.8.13)
    com.unity.splines@2.5.2 (location: /Users/alonrab/dev/workspaces/Mosim/2025/MoSimulator-Public/Library/PackageCache/com.unity.splines@2.5.2)
    com.unity.profiling.core@1.0.2 (location: /Users/alonrab/dev/workspaces/Mosim/2025/MoSimulator-Public/Library/PackageCache/com.unity.profiling.core@1.0.2)
    com.unity.test-framework@1.4.5 (location: /Users/alonrab/dev/workspaces/Mosim/2025/MoSimulator-Public/Library/PackageCache/com.unity.test-framework@1.4.5)
    com.unity.scriptablebuildpipeline@2.5.0 (location: /Users/alonrab/dev/workspaces/Mosim/2025/MoSimulator-Public/Library/PackageCache/com.unity.scriptablebuildpipeline@2.5.0)
    com.unity.searcher@4.9.2 (location: /Users/alonrab/dev/workspaces/Mosim/2025/MoSimulator-Public/Library/PackageCache/com.unity.searcher@4.9.2)
    com.unity.settings-manager@2.0.1 (location: /Users/alonrab/dev/workspaces/Mosim/2025/MoSimulator-Public/Library/PackageCache/com.unity.settings-manager@2.0.1)
    com.unity.collections@1.4.0 (location: /Users/alonrab/dev/workspaces/Mosim/2025/MoSimulator-Public/Library/PackageCache/com.unity.collections@1.4.0)
    com.unity.nuget.mono-cecil@1.11.4 (location: /Users/alonrab/dev/workspaces/Mosim/2025/MoSimulator-Public/Library/PackageCache/com.unity.nuget.mono-cecil@1.11.4)
  Built-in packages:
    com.unity.2d.sprite@1.0.0 (location: /Users/alonrab/dev/workspaces/Mosim/2025/MoSimulator-Public/Library/PackageCache/com.unity.2d.sprite@1.0.0)
    com.unity.render-pipelines.universal@16.0.6 (location: /Users/alonrab/dev/workspaces/Mosim/2025/MoSimulator-Public/Library/PackageCache/com.unity.render-pipelines.universal@16.0.6)
    com.unity.ugui@2.0.0 (location: /Users/alonrab/dev/workspaces/Mosim/2025/MoSimulator-Public/Library/PackageCache/com.unity.ugui@2.0.0)
    com.unity.modules.accessibility@1.0.0 (location: /Users/alonrab/dev/workspaces/Mosim/2025/MoSimulator-Public/Library/PackageCache/com.unity.modules.accessibility@1.0.0)
    com.unity.modules.ai@1.0.0 (location: /Users/alonrab/dev/workspaces/Mosim/2025/MoSimulator-Public/Library/PackageCache/com.unity.modules.ai@1.0.0)
    com.unity.modules.androidjni@1.0.0 (location: /Users/alonrab/dev/workspaces/Mosim/2025/MoSimulator-Public/Library/PackageCache/com.unity.modules.androidjni@1.0.0)
    com.unity.modules.animation@1.0.0 (location: /Users/alonrab/dev/workspaces/Mosim/2025/MoSimulator-Public/Library/PackageCache/com.unity.modules.animation@1.0.0)
    com.unity.modules.assetbundle@1.0.0 (location: /Users/alonrab/dev/workspaces/Mosim/2025/MoSimulator-Public/Library/PackageCache/com.unity.modules.assetbundle@1.0.0)
    com.unity.modules.audio@1.0.0 (location: /Users/alonrab/dev/workspaces/Mosim/2025/MoSimulator-Public/Library/PackageCache/com.unity.modules.audio@1.0.0)
    com.unity.modules.cloth@1.0.0 (location: /Users/alonrab/dev/workspaces/Mosim/2025/MoSimulator-Public/Library/PackageCache/com.unity.modules.cloth@1.0.0)
    com.unity.modules.director@1.0.0 (location: /Users/alonrab/dev/workspaces/Mosim/2025/MoSimulator-Public/Library/PackageCache/com.unity.modules.director@1.0.0)
    com.unity.modules.imageconversion@1.0.0 (location: /Users/alonrab/dev/workspaces/Mosim/2025/MoSimulator-Public/Library/PackageCache/com.unity.modules.imageconversion@1.0.0)
    com.unity.modules.imgui@1.0.0 (location: /Users/alonrab/dev/workspaces/Mosim/2025/MoSimulator-Public/Library/PackageCache/com.unity.modules.imgui@1.0.0)
    com.unity.modules.jsonserialize@1.0.0 (location: /Users/alonrab/dev/workspaces/Mosim/2025/MoSimulator-Public/Library/PackageCache/com.unity.modules.jsonserialize@1.0.0)
    com.unity.modules.particlesystem@1.0.0 (location: /Users/alonrab/dev/workspaces/Mosim/2025/MoSimulator-Public/Library/PackageCache/com.unity.modules.particlesystem@1.0.0)
    com.unity.modules.physics@1.0.0 (location: /Users/alonrab/dev/workspaces/Mosim/2025/MoSimulator-Public/Library/PackageCache/com.unity.modules.physics@1.0.0)
    com.unity.modules.physics2d@1.0.0 (location: /Users/alonrab/dev/workspaces/Mosim/2025/MoSimulator-Public/Library/PackageCache/com.unity.modules.physics2d@1.0.0)
    com.unity.modules.screencapture@1.0.0 (location: /Users/alonrab/dev/workspaces/Mosim/2025/MoSimulator-Public/Library/PackageCache/com.unity.modules.screencapture@1.0.0)
    com.unity.modules.terrain@1.0.0 (location: /Users/alonrab/dev/workspaces/Mosim/2025/MoSimulator-Public/Library/PackageCache/com.unity.modules.terrain@1.0.0)
    com.unity.modules.terrainphysics@1.0.0 (location: /Users/alonrab/dev/workspaces/Mosim/2025/MoSimulator-Public/Library/PackageCache/com.unity.modules.terrainphysics@1.0.0)
    com.unity.modules.tilemap@1.0.0 (location: /Users/alonrab/dev/workspaces/Mosim/2025/MoSimulator-Public/Library/PackageCache/com.unity.modules.tilemap@1.0.0)
    com.unity.modules.ui@1.0.0 (location: /Users/alonrab/dev/workspaces/Mosim/2025/MoSimulator-Public/Library/PackageCache/com.unity.modules.ui@1.0.0)
    com.unity.modules.uielements@1.0.0 (location: /Users/alonrab/dev/workspaces/Mosim/2025/MoSimulator-Public/Library/PackageCache/com.unity.modules.uielements@1.0.0)
    com.unity.modules.umbra@1.0.0 (location: /Users/alonrab/dev/workspaces/Mosim/2025/MoSimulator-Public/Library/PackageCache/com.unity.modules.umbra@1.0.0)
    com.unity.modules.unityanalytics@1.0.0 (location: /Users/alonrab/dev/workspaces/Mosim/2025/MoSimulator-Public/Library/PackageCache/com.unity.modules.unityanalytics@1.0.0)
    com.unity.modules.unitywebrequest@1.0.0 (location: /Users/alonrab/dev/workspaces/Mosim/2025/MoSimulator-Public/Library/PackageCache/com.unity.modules.unitywebrequest@1.0.0)
    com.unity.modules.unitywebrequestassetbundle@1.0.0 (location: /Users/alonrab/dev/workspaces/Mosim/2025/MoSimulator-Public/Library/PackageCache/com.unity.modules.unitywebrequestassetbundle@1.0.0)
    com.unity.modules.unitywebrequestaudio@1.0.0 (location: /Users/alonrab/dev/workspaces/Mosim/2025/MoSimulator-Public/Library/PackageCache/com.unity.modules.unitywebrequestaudio@1.0.0)
    com.unity.modules.unitywebrequesttexture@1.0.0 (location: /Users/alonrab/dev/workspaces/Mosim/2025/MoSimulator-Public/Library/PackageCache/com.unity.modules.unitywebrequesttexture@1.0.0)
    com.unity.modules.unitywebrequestwww@1.0.0 (location: /Users/alonrab/dev/workspaces/Mosim/2025/MoSimulator-Public/Library/PackageCache/com.unity.modules.unitywebrequestwww@1.0.0)
    com.unity.modules.vehicles@1.0.0 (location: /Users/alonrab/dev/workspaces/Mosim/2025/MoSimulator-Public/Library/PackageCache/com.unity.modules.vehicles@1.0.0)
    com.unity.modules.video@1.0.0 (location: /Users/alonrab/dev/workspaces/Mosim/2025/MoSimulator-Public/Library/PackageCache/com.unity.modules.video@1.0.0)
    com.unity.modules.vr@1.0.0 (location: /Users/alonrab/dev/workspaces/Mosim/2025/MoSimulator-Public/Library/PackageCache/com.unity.modules.vr@1.0.0)
    com.unity.modules.wind@1.0.0 (location: /Users/alonrab/dev/workspaces/Mosim/2025/MoSimulator-Public/Library/PackageCache/com.unity.modules.wind@1.0.0)
    com.unity.modules.xr@1.0.0 (location: /Users/alonrab/dev/workspaces/Mosim/2025/MoSimulator-Public/Library/PackageCache/com.unity.modules.xr@1.0.0)
    com.unity.modules.subsystems@1.0.0 (location: /Users/alonrab/dev/workspaces/Mosim/2025/MoSimulator-Public/Library/PackageCache/com.unity.modules.subsystems@1.0.0)
    com.unity.modules.hierarchycore@1.0.0 (location: /Users/alonrab/dev/workspaces/Mosim/2025/MoSimulator-Public/Library/PackageCache/com.unity.modules.hierarchycore@1.0.0)
    com.unity.render-pipelines.core@16.0.6 (location: /Users/alonrab/dev/workspaces/Mosim/2025/MoSimulator-Public/Library/PackageCache/com.unity.render-pipelines.core@16.0.6)
    com.unity.shadergraph@16.0.6 (location: /Users/alonrab/dev/workspaces/Mosim/2025/MoSimulator-Public/Library/PackageCache/com.unity.shadergraph@16.0.6)
    com.unity.rendering.light-transport@1.0.2 (location: /Users/alonrab/dev/workspaces/Mosim/2025/MoSimulator-Public/Library/PackageCache/com.unity.rendering.light-transport@1.0.2)
  Git packages:
    com.nobi.roundedcorners@https://github.com/kirevdokimov/Unity-UI-Rounded-Corners.git (location: /Users/alonrab/dev/workspaces/Mosim/2025/MoSimulator-Public/Library/PackageCache/com.nobi.roundedcorners@33135342e8)
[Subsystems] No new subsystems found in resolved package list.
Package Manager log level set to [2]
[Package Manager] Done registering packages in 0.24 seconds
Targeting platform: win64
Refreshing native plugins compatible for Editor in 6.02 ms, found 4 plugins.
Preloading 0 native plugins for Editor in 0.00 ms.
Initialize engine version: 2023.2.22f1 (6b19bf4f8115)
[Subsystems] Discovering subsystems at path /Applications/Unity/Hub/Editor/2023.2.22f1/Unity.app/Contents/Resources/UnitySubsystems
[Subsystems] Discovering subsystems at path /Users/alonrab/dev/workspaces/Mosim/2025/MoSimulator-Public/Assets
Forcing GfxDevice: Null
GfxDevice: creating device client; kGfxThreadingModeNonThreaded
NullGfxDevice:
    Version:  NULL 1.0 [1.0]
    Renderer: Null Device
    Vendor:   Unity Technologies
Shader Hidden/ProbeVolume/VoxelizeScene is not supported: GPU does not support conservative rasterization
[Licensing::Client] Successfully resolved entitlements
Initialize mono
Mono path[0] = '/Applications/Unity/Hub/Editor/2023.2.22f1/Unity.app/Contents/Managed'
Mono path[1] = '/Applications/Unity/Hub/Editor/2023.2.22f1/Unity.app/Contents/MonoBleedingEdge/lib/mono/unityjit-macos'
Mono config path = '/Applications/Unity/Hub/Editor/2023.2.22f1/Unity.app/Contents/MonoBleedingEdge/etc'
Using monoOptions --debugger-agent=transport=dt_socket,embedding=1,server=y,suspend=n,address=127.0.0.1:56232
Using cacheserver namespaces - metadata:defaultmetadata, artifacts:defaultartifacts
Using cacheserver namespaces - metadata:defaultmetadata, artifacts:defaultartifacts
ImportWorker Server TCP listen port: 0
AcceleratorClientConnectionCallback - disconnected - :0
Begin MonoManager ReloadAssembly
Registering precompiled unity dll's ...
Register platform support module: /Applications/Unity/Hub/Editor/2023.2.22f1/PlaybackEngines/WebGLSupport/UnityEditor.WebGL.Extensions.dll
Register platform support module: /Applications/Unity/Hub/Editor/2023.2.22f1/Unity.app/Contents/PlaybackEngines/MacStandaloneSupport/UnityEditor.OSXStandalone.Extensions.dll
Register platform support module: /Applications/Unity/Hub/Editor/2023.2.22f1/PlaybackEngines/WindowsStandaloneSupport/UnityEditor.WindowsStandalone.Extensions.dll
Register platform support module: /Applications/Unity/Hub/Editor/2023.2.22f1/PlaybackEngines/LinuxStandaloneSupport/UnityEditor.LinuxStandalone.Extensions.dll
Registered in 0.004252 seconds.
- Loaded All Assemblies, in  0.317 seconds
Native extension for LinuxStandalone target not found
Native extension for WindowsStandalone target not found
Native extension for OSXStandalone target not found
Native extension for WebGL target not found
Mono: successfully reloaded assembly
- Finished resetting the current domain, in  0.268 seconds
Domain Reload Profiling: 586ms
	BeginReloadAssembly (105ms)
		ExecutionOrderSort (0ms)
		DisableScriptedObjects (0ms)
		BackupInstance (0ms)
		ReleaseScriptingObjects (0ms)
		CreateAndSetChildDomain (1ms)
	RebuildCommonClasses (32ms)
	RebuildNativeTypeToScriptingClass (9ms)
	initialDomainReloadingComplete (39ms)
	LoadAllAssembliesAndSetupDomain (131ms)
		LoadAssemblies (106ms)
		RebuildTransferFunctionScriptingTraits (0ms)
		AnalyzeDomain (127ms)
			TypeCache.Refresh (126ms)
				TypeCache.ScanAssembly (109ms)
			BuildScriptInfoCaches (0ms)
			ResolveRequiredComponents (1ms)
	FinalizeReload (269ms)
		ReleaseScriptCaches (0ms)
		RebuildScriptCaches (0ms)
		SetupLoadedEditorAssemblies (230ms)
			LogAssemblyErrors (0ms)
			InitializePlatformSupportModulesInManaged (52ms)
			SetLoadedEditorAssemblies (4ms)
			BeforeProcessingInitializeOnLoad (4ms)
			ProcessInitializeOnLoadAttributes (121ms)
			ProcessInitializeOnLoadMethodAttributes (50ms)
			AfterProcessingInitializeOnLoad (0ms)
			EditorAssembliesLoaded (0ms)
		ExecutionOrderSort2 (0ms)
		AwakeInstancesAfterBackupRestoration (0ms)
[Licensing::Client] Successfully resolved entitlements
Application.AssetDatabase Initial Refresh Start
Assembly reference Packages/com.unity.cinemachine/Editor/Samples/ExposeHDRPInternals/HDRP-Editor-ref.asmref has no target assembly definition
Assembly reference Packages/com.unity.cinemachine/Editor/Samples/ExposeHDRPInternals/HDRP-Editor-ref.asmref has no target assembly definition
[ScriptCompilation] Requested script compilation because: InitialRefresh: Force Refresh Recompile flag enabled
[40m[32minfo[39m[22m[49m: Microsoft.Hosting.Lifetime[14]
      Now listening on: http://unix:/tmp/ilpp.sock-e906b3532ff1627229a17188d6bd4707
[40m[32minfo[39m[22m[49m: Microsoft.Hosting.Lifetime[0]
      Application started. Press Ctrl+C to shut down.
[40m[32minfo[39m[22m[49m: Microsoft.Hosting.Lifetime[0]
      Hosting environment: Production
[40m[32minfo[39m[22m[49m: Microsoft.Hosting.Lifetime[0]
      Content root path: /Users/alonrab/dev/workspaces/Mosim/2025/MoSimulator-Public/
[40m[32minfo[39m[22m[49m: Microsoft.AspNetCore.Hosting.Diagnostics[1]
      Request starting HTTP/2 POST http://ilpp/UnityILPP.PostProcessing/Ping application/grpc -
[40m[32minfo[39m[22m[49m: Microsoft.AspNetCore.Routing.EndpointMiddleware[0]
      Executing endpoint 'gRPC - /UnityILPP.PostProcessing/Ping'
[40m[32minfo[39m[22m[49m: Microsoft.AspNetCore.Routing.EndpointMiddleware[1]
      Executed endpoint 'gRPC - /UnityILPP.PostProcessing/Ping'
[40m[32minfo[39m[22m[49m: Microsoft.AspNetCore.Hosting.Diagnostics[2]
      Request finished HTTP/2 POST http://ilpp/UnityILPP.PostProcessing/Ping application/grpc - - 200 - application/grpc 42.5510ms
Starting: /Applications/Unity/Hub/Editor/2023.2.22f1/Unity.app/Contents/bee_backend --dont-print-to-structured-log --ipc --defer-dag-verification --dagfile="Library/Bee/1900b0aE.dag" --continue-on-failure --profile="Library/Bee/backend1.traceevents" ScriptAssemblies
WorkingDir: /Users/alonrab/dev/workspaces/Mosim/2025/MoSimulator-Public
DisplayProgressbar: Compiling Scripts
[40m[32minfo[39m[22m[49m: Microsoft.AspNetCore.Hosting.Diagnostics[1]
      Request starting HTTP/2 POST http://ilpp/UnityILPP.PostProcessing/ConfigurePostProcessors application/grpc -
[40m[32minfo[39m[22m[49m: Microsoft.AspNetCore.Routing.EndpointMiddleware[0]
      Executing endpoint 'gRPC - /UnityILPP.PostProcessing/ConfigurePostProcessors'
[40m[1m[33mwarn[39m[22m[49m: Unity.ILPP.Runner.PostProcessingAssemblyLoadContext[0]
      Assembly system.runtime.interopservices.windowsruntime has duplicate hint path. Ignoring "/Applications/Unity/Hub/Editor/2023.2.22f1/Unity.app/Contents/UnityReferenceAssemblies/unity-4.8-api/Facades/System.Runtime.InteropServices.WindowsRuntime.dll" in favor of "/Applications/Unity/Hub/Editor/2023.2.22f1/Unity.app/Contents/NetStandard/Extensions/2.0.0/System.Runtime.InteropServices.WindowsRuntime.dll"
[40m[1m[33mwarn[39m[22m[49m: Unity.ILPP.Runner.PostProcessingAssemblyLoadContext[0]
      Assembly system.componentmodel.composition has duplicate hint path. Ignoring "/Applications/Unity/Hub/Editor/2023.2.22f1/Unity.app/Contents/UnityReferenceAssemblies/unity-4.8-api/System.ComponentModel.Composition.dll" in favor of "/Applications/Unity/Hub/Editor/2023.2.22f1/Unity.app/Contents/NetStandard/compat/2.1.0/shims/netfx/System.ComponentModel.Composition.dll"
[40m[32minfo[39m[22m[49m: Unity.ILPP.Runner.PostProcessingAssemblyLoadContext[0]
      Resolved Unity.Burst.Cecil, Version=0.11.4.0, Culture=neutral, PublicKeyToken=50cebf1cceb9d05e with Library/PackageCache/com.unity.burst@1.8.13/Unity.Burst.CodeGen/Unity.Burst.Cecil.dll
[40m[32minfo[39m[22m[49m: Unity.ILPP.Runner.PostProcessingAssemblyLoadContext[0]
      Resolved Mono.Cecil, Version=0.11.4.0, Culture=neutral, PublicKeyToken=50cebf1cceb9d05e with Library/PackageCache/com.unity.nuget.mono-cecil@1.11.4/Mono.Cecil.dll
[40m[32minfo[39m[22m[49m: Microsoft.AspNetCore.Routing.EndpointMiddleware[1]
      Executed endpoint 'gRPC - /UnityILPP.PostProcessing/ConfigurePostProcessors'
[40m[32minfo[39m[22m[49m: Microsoft.AspNetCore.Hosting.Diagnostics[2]
      Request finished HTTP/2 POST http://ilpp/UnityILPP.PostProcessing/ConfigurePostProcessors application/grpc - - 200 - application/grpc 26.3180ms
ExitCode: 0 Duration: 0s496ms
[ 497/1003  0s] CopyFiles Library/ScriptAssemblies/UnityEngine.TestRunner.pdb
[ 498/1003  0s] CopyFiles Library/ScriptAssemblies/UnityEngine.TestRunner.dll
[ 502/1003  0s] CopyFiles Library/ScriptAssemblies/UnityEditor.TestRunner.pdb
[ 503/1003  0s] CopyFiles Library/ScriptAssemblies/UnityEditor.TestRunner.dll
[ 719/1003  0s] CopyFiles Library/ScriptAssemblies/Unity.VisualStudio.Editor.pdb
[ 720/1003  0s] CopyFiles Library/ScriptAssemblies/Unity.Rider.Editor.pdb
[ 721/1003  0s] CopyFiles Library/ScriptAssemblies/Unity.VisualStudio.Editor.dll
[ 722/1003  0s] CopyFiles Library/ScriptAssemblies/Unity.Rider.Editor.dll
[ 724/1003  0s] CopyFiles Library/ScriptAssemblies/Unity.Collections.CodeGen.pdb
[ 725/1003  0s] CopyFiles Library/ScriptAssemblies/Unity.Collections.CodeGen.dll
[ 726/1003  0s] CopyFiles Library/ScriptAssemblies/Unity.Burst.CodeGen.pdb
[ 727/1003  0s] CopyFiles Library/ScriptAssemblies/Unity.Burst.CodeGen.dll
[ 750/1003  0s] ILPP-Configuration Library/ilpp-configuration.nevergeneratedoutput
[ 826/1003  0s] CopyFiles Library/ScriptAssemblies/Unity.VisualScripting.Flow.dll
[ 829/1003  0s] CopyFiles Library/ScriptAssemblies/Unity.Burst.dll
[ 830/1003  0s] CopyFiles Library/ScriptAssemblies/BREAD.dll
[ 832/1003  0s] CopyFiles Library/ScriptAssemblies/Unity.RenderPipelines.ShaderGraph.ShaderGraphLibrary.dll
[ 833/1003  0s] CopyFiles Library/ScriptAssemblies/Lynk.dll
[ 836/1003  0s] CopyFiles Library/ScriptAssemblies/MoSimCore.dll
[ 837/1003  0s] CopyFiles Library/ScriptAssemblies/RobotFramework.dll
[ 838/1003  0s] CopyFiles Library/ScriptAssemblies/UnityEngine.UI.dll
[ 839/1003  0s] CopyFiles Library/ScriptAssemblies/Unity.AI.Navigation.dll
[ 840/1003  0s] CopyFiles Library/ScriptAssemblies/Unity.InputSystem.dll
[ 841/1003  0s] CopyFiles Library/ScriptAssemblies/Firebots.dll
[ 843/1003  0s] CopyFiles Library/ScriptAssemblies/Assembly-CSharp.dll
[ 845/1003  0s] CopyFiles Library/ScriptAssemblies/Unity.RenderPipelines.Core.Runtime.Shared.dll
[ 846/1003  0s] CopyFiles Library/ScriptAssemblies/Unity.RenderPipelines.Core.ShaderLibrary.dll
[ 847/1003  0s] CopyFiles Library/ScriptAssemblies/Unity.Recorder.dll
[ 848/1003  0s] CopyFiles Library/ScriptAssemblies/Unity.RenderPipelines.Core.Runtime.dll
[ 849/1003  0s] CopyFiles Library/ScriptAssemblies/Unity.Cinemachine.dll
[ 850/1003  0s] CopyFiles Library/ScriptAssemblies/Unity.Timeline.dll
[ 852/1003  0s] CopyFiles Library/ScriptAssemblies/Unity.InputSystem.ForUI.dll
[ 853/1003  0s] CopyFiles Library/ScriptAssemblies/Unity.Mathematics.dll
[ 854/1003  0s] CopyFiles Library/ScriptAssemblies/Unity.ResourceManager.dll
[ 855/1003  0s] CopyFiles Library/ScriptAssemblies/Unity.VisualScripting.Core.dll
[ 856/1003  0s] CopyFiles Library/ScriptAssemblies/MoSimLib.dll
[ 857/1003  0s] CopyFiles Library/ScriptAssemblies/Unity.RenderPipeline.Universal.ShaderLibrary.dll
[ 858/1003  0s] CopyFiles Library/ScriptAssemblies/Blazing Bulldogs.dll
[ 859/1003  0s] CopyFiles Library/ScriptAssemblies/CitrusCircuits.dll
[ 860/1003  0s] CopyFiles Library/ScriptAssemblies/Unity.ScriptableBuildPipeline.dll
[ 861/1003  0s] CopyFiles Library/ScriptAssemblies/Reefscape.dll
[ 862/1003  0s] CopyFiles Library/ScriptAssemblies/Unity.InputSystem.TestFramework.dll
[ 863/1003  0s] CopyFiles Library/ScriptAssemblies/Unity.Collections.dll
[ 864/1003  0s] CopyFiles Library/ScriptAssemblies/Unity.RenderPipelines.Universal.Shaders.dll
[ 866/1003  0s] CopyFiles Library/ScriptAssemblies/Unity.Addressables.dll
[ 867/1003  0s] CopyFiles Library/ScriptAssemblies/Unity.VisualScripting.State.dll
[ 868/1003  0s] CopyFiles Library/ScriptAssemblies/Unity.TextMeshPro.dll
[ 869/1003  0s] CopyFiles Library/ScriptAssemblies/Nobi.UiRoundedCorners.dll
[ 870/1003  0s] CopyFiles Library/ScriptAssemblies/Unity.Splines.dll
[ 871/1003  0s] CopyFiles Library/ScriptAssemblies/Unity.RenderPipelines.Universal.2D.Runtime.dll
[ 872/1003  0s] CopyFiles Library/ScriptAssemblies/Unity.Recorder.Base.dll
[ 873/1003  0s] CopyFiles Library/ScriptAssemblies/Unity.Rendering.LightTransport.Runtime.dll
[ 874/1003  0s] CopyFiles Library/ScriptAssemblies/Quixilver.dll
[ 875/1003  0s] CopyFiles Library/ScriptAssemblies/Unity.Profiling.Core.dll
[ 876/1003  0s] CopyFiles Library/ScriptAssemblies/Unity.RenderPipelines.Universal.Runtime.dll
[ 877/1003  0s] CopyFiles Library/ScriptAssemblies/GameSystems.dll
[ 878/1003  0s] CopyFiles Library/ScriptAssemblies/Unity.Searcher.Editor.dll
[ 879/1003  0s] CopyFiles Library/ScriptAssemblies/Unity.Searcher.Editor.pdb
[ 880/1003  0s] CopyFiles Library/ScriptAssemblies/Unity.Toolchain.Macos-arm64-Linux-x86_64.pdb
[ 881/1003  0s] CopyFiles Library/ScriptAssemblies/Unity.TextMeshPro.Editor.dll
[ 882/1003  0s] CopyFiles Library/ScriptAssemblies/Unity.Burst.Editor.pdb
[ 883/1003  0s] CopyFiles Library/ScriptAssemblies/Unity.TextMeshPro.Editor.pdb
[ 884/1003  0s] CopyFiles Library/ScriptAssemblies/Unity.Timeline.Editor.dll
[ 885/1003  0s] CopyFiles Library/ScriptAssemblies/Unity.Burst.Editor.dll
[ 886/1003  0s] CopyFiles Library/ScriptAssemblies/Unity.Toolchain.Macos-arm64-Linux-x86_64.dll
[ 887/1003  0s] CopyFiles Library/ScriptAssemblies/Unity.Timeline.Editor.pdb
[ 888/1003  0s] CopyFiles Library/ScriptAssemblies/Unity.ShaderGraph.Utilities.pdb
[ 889/1003  0s] CopyFiles Library/ScriptAssemblies/Unity.Toolchain.Win-x86_64-Linux-x86_64.pdb
[ 890/1003  0s] CopyFiles Library/ScriptAssemblies/Unity.Toolchain.Win-x86_64-Linux-x86_64.dll
[ 891/1003  0s] CopyFiles Library/ScriptAssemblies/Unity.Splines.Editor.pdb
[ 892/1003  0s] CopyFiles Library/ScriptAssemblies/Unity.Addressables.DocExampleCode.Editor.Tests.pdb
[ 893/1003  0s] CopyFiles Library/ScriptAssemblies/Unity.Recorder.Editor.dll
[ 894/1003  0s] CopyFiles Library/ScriptAssemblies/Unity.ShaderGraph.Utilities.dll
[ 895/1003  0s] CopyFiles Library/ScriptAssemblies/Unity.Recorder.Editor.pdb
[ 896/1003  0s] CopyFiles Library/ScriptAssemblies/Unity.VisualScripting.Flow.Editor.pdb
[ 897/1003  0s] CopyFiles Library/ScriptAssemblies/Unity.Addressables.DocExampleCode.Editor.Tests.dll
[ 898/1003  0s] CopyFiles Library/ScriptAssemblies/Unity.VisualScripting.Flow.Editor.dll
[ 899/1003  0s] CopyFiles Library/ScriptAssemblies/Unity.Splines.Editor.dll
[ 900/1003  0s] CopyFiles Library/ScriptAssemblies/Unity.ScriptableBuildPipeline.Editor.pdb
[ 901/1003  0s] CopyFiles Library/ScriptAssemblies/Unity.ScriptableBuildPipeline.Editor.dll
[ 902/1003  0s] CopyFiles Library/ScriptAssemblies/Unity.Collections.Editor.pdb
[ 903/1003  0s] CopyFiles Library/ScriptAssemblies/Unity.Collections.Editor.dll
[ 904/1003  0s] CopyFiles Library/ScriptAssemblies/Unity.VisualScripting.SettingsProvider.Editor.pdb
[ 905/1003  0s] CopyFiles Library/ScriptAssemblies/Unity.RenderPipelines.Core.Editor.Shared.pdb
[ 906/1003  0s] CopyFiles Library/ScriptAssemblies/Unity.VisualScripting.SettingsProvider.Editor.dll
[ 907/1003  0s] CopyFiles Library/ScriptAssemblies/Unity.VisualScripting.State.Editor.dll
[ 908/1003  0s] CopyFiles Library/ScriptAssemblies/Unity.RenderPipelines.Core.Editor.Shared.dll
[ 909/1003  0s] CopyFiles Library/ScriptAssemblies/Unity.VisualScripting.State.Editor.pdb
[ 910/1003  0s] CopyFiles Library/ScriptAssemblies/Unity.AI.Navigation.Editor.pdb
[ 911/1003  0s] CopyFiles Library/ScriptAssemblies/Unity.AI.Navigation.Editor.dll
[ 912/1003  0s] CopyFiles Library/ScriptAssemblies/Unity.RenderPipelines.Core.Editor.dll
[ 913/1003  0s] CopyFiles Library/ScriptAssemblies/Unity.RenderPipelines.Core.Editor.pdb
[ 914/1003  0s] CopyFiles Library/ScriptAssemblies/Unity.Mathematics.Editor.pdb
[ 915/1003  0s] CopyFiles Library/ScriptAssemblies/Unity.AI.Navigation.Updater.dll
[ 916/1003  0s] CopyFiles Library/ScriptAssemblies/Unity.Toolchain.Linux-x86_64.pdb
[ 917/1003  0s] CopyFiles Library/ScriptAssemblies/Unity.Mathematics.Editor.dll
[ 918/1003  0s] CopyFiles Library/ScriptAssemblies/Unity.VisualScripting.Core.Editor.dll
[ 919/1003  0s] CopyFiles Library/ScriptAssemblies/Unity.VisualScripting.Core.Editor.pdb
[ 920/1003  0s] CopyFiles Library/ScriptAssemblies/Unity.Toolchain.Linux-x86_64.dll
[ 921/1003  0s] CopyFiles Library/ScriptAssemblies/Nobi.UiRoundedCorners.Editor.dll
[ 922/1003  0s] CopyFiles Library/ScriptAssemblies/Unity.Addressables.Editor.dll
[ 923/1003  0s] CopyFiles Library/ScriptAssemblies/Unity.AI.Navigation.Updater.pdb
[ 924/1003  0s] CopyFiles Library/ScriptAssemblies/Nobi.UiRoundedCorners.Editor.pdb
[ 925/1003  0s] CopyFiles Library/ScriptAssemblies/Unity.Settings.Editor.pdb
[ 926/1003  0s] CopyFiles Library/ScriptAssemblies/Unity.SysrootPackage.Editor.dll
[ 927/1003  0s] CopyFiles Library/ScriptAssemblies/Unity.Addressables.Editor.pdb
[ 928/1003  0s] CopyFiles Library/ScriptAssemblies/Unity.CollabProxy.Editor.pdb
[ 929/1003  0s] CopyFiles Library/ScriptAssemblies/Unity.Settings.Editor.dll
[ 930/1003  0s] CopyFiles Library/ScriptAssemblies/Unity.CollabProxy.Editor.dll
[ 931/1003  0s] CopyFiles Library/ScriptAssemblies/Unity.Rendering.LightTransport.Editor.pdb
[ 932/1003  0s] CopyFiles Library/ScriptAssemblies/Unity.ShaderGraph.Editor.pdb
[ 933/1003  0s] CopyFiles Library/ScriptAssemblies/Unity.Rendering.LightTransport.Editor.dll
[ 934/1003  0s] CopyFiles Library/ScriptAssemblies/Unity.PlasticSCM.Editor.pdb
[ 935/1003  0s] CopyFiles Library/ScriptAssemblies/Unity.2D.Sprite.Editor.dll
[ 936/1003  0s] CopyFiles Library/ScriptAssemblies/Unity.RenderPipelines.Universal.Editor.dll
[ 937/1003  0s] CopyFiles Library/ScriptAssemblies/Unity.RenderPipelines.Universal.Editor.pdb
[ 938/1003  0s] CopyFiles Library/ScriptAssemblies/Unity.SysrootPackage.Editor.pdb
[ 939/1003  0s] CopyFiles Library/ScriptAssemblies/Unity.ShaderGraph.Editor.dll
[ 940/1003  0s] CopyFiles Library/ScriptAssemblies/Unity.2D.Sprite.Editor.pdb
[ 941/1003  0s] CopyFiles Library/ScriptAssemblies/Unity.PlasticSCM.Editor.dll
[ 942/1003  0s] CopyFiles Library/ScriptAssemblies/Unity.Collections.DocCodeSamples.pdb
[ 943/1003  0s] CopyFiles Library/ScriptAssemblies/Unity.Collections.DocCodeSamples.dll
[ 944/1003  0s] CopyFiles Library/ScriptAssemblies/Unity.VisualScripting.Shared.Editor.pdb
[ 945/1003  0s] CopyFiles Library/ScriptAssemblies/Unity.VisualScripting.Shared.Editor.dll
[ 946/1003  0s] CopyFiles Library/ScriptAssemblies/Unity.Cinemachine.Editor.dll
[ 947/1003  0s] CopyFiles Library/ScriptAssemblies/UnityEditor.UI.pdb
[ 948/1003  0s] CopyFiles Library/ScriptAssemblies/PPv2URPConverters.pdb
[ 949/1003  0s] CopyFiles Library/ScriptAssemblies/Assembly-CSharp-Editor.dll
[ 950/1003  0s] CopyFiles Library/ScriptAssemblies/Assembly-CSharp-Editor.pdb
[ 951/1003  0s] CopyFiles Library/ScriptAssemblies/PPv2URPConverters.dll
[ 952/1003  0s] CopyFiles Library/ScriptAssemblies/UnityEditor.UI.dll
[ 953/1003  0s] CopyFiles Library/ScriptAssemblies/Unity.Collections.BurstCompatibilityGen.dll
[ 954/1003  0s] CopyFiles Library/ScriptAssemblies/Unity.Collections.BurstCompatibilityGen.pdb
[ 955/1003  0s] CopyFiles Library/ScriptAssemblies/Unity.Cinemachine.Editor.pdb
[ 956/1003  0s] CopyFiles Library/ScriptAssemblies/Unity.VisualScripting.State.pdb
[ 957/1003  0s] CopyFiles Library/ScriptAssemblies/Unity.AI.Navigation.Editor.ConversionSystem.dll
[ 958/1003  0s] CopyFiles Library/ScriptAssemblies/Unity.AI.Navigation.Editor.ConversionSystem.pdb
[ 959/1003  0s] CopyFiles Library/ScriptAssemblies/Unity.Sysroot.Linux_x86_64.pdb
[ 960/1003  0s] CopyFiles Library/ScriptAssemblies/Nobi.UiRoundedCorners.pdb
[ 961/1003  0s] CopyFiles Library/ScriptAssemblies/Quixilver.pdb
[ 962/1003  0s] CopyFiles Library/ScriptAssemblies/Unity.Sysroot.Linux_x86_64.dll
[ 963/1003  0s] CopyFiles Library/ScriptAssemblies/Unity.InputSystem.ForUI.pdb
[ 964/1003  0s] CopyFiles Library/ScriptAssemblies/Blazing Bulldogs.pdb
[ 965/1003  0s] CopyFiles Library/ScriptAssemblies/Unity.InputSystem.pdb
[ 966/1003  0s] CopyFiles Library/ScriptAssemblies/Unity.Timeline.pdb
[ 967/1003  0s] CopyFiles Library/ScriptAssemblies/Firebots.pdb
[ 968/1003  0s] CopyFiles Library/ScriptAssemblies/MoSimCore.pdb
[ 969/1003  0s] CopyFiles Library/ScriptAssemblies/RobotFramework.pdb
[ 970/1003  0s] CopyFiles Library/ScriptAssemblies/Unity.RenderPipelines.ShaderGraph.ShaderGraphLibrary.pdb
[ 971/1003  0s] CopyFiles Library/ScriptAssemblies/Unity.Cinemachine.pdb
[ 972/1003  0s] CopyFiles Library/ScriptAssemblies/Unity.RenderPipelines.Universal.Shaders.pdb
[ 973/1003  0s] CopyFiles Library/ScriptAssemblies/Unity.InputSystem.TestFramework.pdb
[ 974/1003  0s] CopyFiles Library/ScriptAssemblies/Unity.Profiling.Core.pdb
[ 975/1003  0s] CopyFiles Library/ScriptAssemblies/Unity.ResourceManager.pdb
[ 976/1003  0s] CopyFiles Library/ScriptAssemblies/Unity.RenderPipelines.Core.Runtime.Shared.pdb
[ 977/1003  0s] CopyFiles Library/ScriptAssemblies/Unity.ScriptableBuildPipeline.pdb
[ 978/1003  0s] CopyFiles Library/ScriptAssemblies/Unity.Collections.pdb
[ 979/1003  0s] CopyFiles Library/ScriptAssemblies/Unity.Addressables.pdb
[ 980/1003  0s] CopyFiles Library/ScriptAssemblies/Unity.Rendering.LightTransport.Runtime.pdb
[ 981/1003  0s] CopyFiles Library/ScriptAssemblies/Unity.RenderPipelines.Core.ShaderLibrary.pdb
[ 982/1003  0s] CopyFiles Library/ScriptAssemblies/Unity.RenderPipelines.Universal.Runtime.pdb
[ 983/1003  0s] CopyFiles Library/ScriptAssemblies/Reefscape.pdb
[ 984/1003  0s] CopyFiles Library/ScriptAssemblies/MoSimLib.pdb
[ 985/1003  0s] CopyFiles Library/ScriptAssemblies/Unity.Mathematics.pdb
[ 986/1003  0s] CopyFiles Library/ScriptAssemblies/CitrusCircuits.pdb
[ 987/1003  0s] CopyFiles Library/ScriptAssemblies/UnityEngine.UI.pdb
[ 988/1003  0s] CopyFiles Library/ScriptAssemblies/Unity.VisualScripting.Flow.pdb
[ 989/1003  0s] CopyFiles Library/ScriptAssemblies/Unity.Recorder.pdb
[ 990/1003  0s] CopyFiles Library/ScriptAssemblies/Unity.VisualScripting.Core.pdb
[ 991/1003  0s] CopyFiles Library/ScriptAssemblies/Unity.TextMeshPro.pdb
[ 992/1003  0s] CopyFiles Library/ScriptAssemblies/Unity.Splines.pdb
[ 993/1003  0s] CopyFiles Library/ScriptAssemblies/Unity.Recorder.Base.pdb
[ 994/1003  0s] CopyFiles Library/ScriptAssemblies/Unity.RenderPipelines.Core.Runtime.pdb
[ 995/1003  0s] CopyFiles Library/ScriptAssemblies/Unity.AI.Navigation.pdb
[ 996/1003  0s] CopyFiles Library/ScriptAssemblies/GameSystems.pdb
[ 997/1003  0s] CopyFiles Library/ScriptAssemblies/Lynk.pdb
[ 998/1003  0s] CopyFiles Library/ScriptAssemblies/Unity.Burst.pdb
[ 999/1003  0s] CopyFiles Library/ScriptAssemblies/Assembly-CSharp.pdb
[1000/1003  0s] CopyFiles Library/ScriptAssemblies/Unity.RenderPipeline.Universal.ShaderLibrary.pdb
[1001/1003  0s] CopyFiles Library/ScriptAssemblies/Unity.RenderPipelines.Universal.2D.Runtime.pdb
[1002/1003  0s] CopyFiles Library/ScriptAssemblies/BREAD.pdb
*** Tundra build success (0.47 seconds), 181 items updated, 1003 evaluated
AssetDatabase: script compilation time: 1.343943s
Total cache size 266693388
Total cache size after purge 266693388
Assembly reference Packages/com.unity.cinemachine/Editor/Samples/ExposeHDRPInternals/HDRP-Editor-ref.asmref has no target assembly definition
Begin MonoManager ReloadAssembly
Symbol file LoadedFromMemory doesn't match image /Users/alonrab/dev/workspaces/Mosim/2025/MoSimulator-Public/Library/PackageCache/com.unity.visualscripting@1.8.0/Editor/VisualScripting.Core/Dependencies/YamlDotNet/Unity.VisualScripting.YamlDotNet.dll
Symbol file LoadedFromMemory doesn't match image /Users/alonrab/dev/workspaces/Mosim/2025/MoSimulator-Public/Library/PackageCache/com.unity.visualscripting@1.8.0/Editor/VisualScripting.Core/Dependencies/DotNetZip/Unity.VisualScripting.IonicZip.dll
- Loaded All Assemblies, in  1.658 seconds
Refreshing native plugins compatible for Editor in 3.06 ms, found 4 plugins.
Native extension for LinuxStandalone target not found
Native extension for WindowsStandalone target not found
Native extension for OSXStandalone target not found
Native extension for WebGL target not found
Assembly reference Packages/com.unity.cinemachine/Editor/Samples/ExposeHDRPInternals/HDRP-Editor-ref.asmref has no target assembly definition
Mono: successfully reloaded assembly
- Finished resetting the current domain, in  2.441 seconds
Domain Reload Profiling: 4099ms
	BeginReloadAssembly (1232ms)
		ExecutionOrderSort (0ms)
		DisableScriptedObjects (7ms)
		BackupInstance (0ms)
		ReleaseScriptingObjects (0ms)
		CreateAndSetChildDomain (20ms)
	RebuildCommonClasses (23ms)
	RebuildNativeTypeToScriptingClass (9ms)
	initialDomainReloadingComplete (16ms)
	LoadAllAssembliesAndSetupDomain (377ms)
		LoadAssemblies (282ms)
		RebuildTransferFunctionScriptingTraits (0ms)
		AnalyzeDomain (172ms)
			TypeCache.Refresh (138ms)
				TypeCache.ScanAssembly (123ms)
			BuildScriptInfoCaches (23ms)
			ResolveRequiredComponents (8ms)
	FinalizeReload (2441ms)
		ReleaseScriptCaches (0ms)
		RebuildScriptCaches (0ms)
		SetupLoadedEditorAssemblies (2222ms)
			LogAssemblyErrors (0ms)
			InitializePlatformSupportModulesInManaged (31ms)
			SetLoadedEditorAssemblies (3ms)
			BeforeProcessingInitializeOnLoad (71ms)
			ProcessInitializeOnLoadAttributes (2073ms)
			ProcessInitializeOnLoadMethodAttributes (42ms)
			AfterProcessingInitializeOnLoad (1ms)
			EditorAssembliesLoaded (0ms)
		ExecutionOrderSort2 (0ms)
		AwakeInstancesAfterBackupRestoration (9ms)
Shader Hidden/ProbeVolume/VoxelizeScene is not supported: GPU does not support conservative rasterization
Start importing Packages/com.unity.searcher/Editor/Resources/FlatSkin/Font/Roboto-Black.ttf using Guid(1062c701058745940ae5dca6219c64c8) (TrueTypeFontImporter) -> (artifact id: '440cfd2c00e9ef6d5857b6b71bb8c781') in 0.014008667 seconds
Start importing Packages/com.unity.searcher/Editor/Resources/FlatSkin/Font/Roboto-Regular.ttf using Guid(30dc370b164eefc43b95744fc796dad0) (TrueTypeFontImporter) -> (artifact id: '6182ab616f216a6496bd2775cb38ae2c') in 0.001883292 seconds
Start importing Assets/TextMesh Pro/Fonts/Orbitron-VariableFont_wght.ttf using Guid(606c965193a874e42b1ed752f5b648ea) (TrueTypeFontImporter) -> (artifact id: 'eb1c72c5ccbe99e38a4339f2fbed4041') in 0.001444666 seconds
Start importing Assets/TextMesh Pro/Fonts/MADE TOMMY Medium.otf using Guid(f04f09c89f189a046a196e76033dde65) (TrueTypeFontImporter) -> (artifact id: '7eb03d8c4e5bc010ad30482bf5e05a81') in 0.009978459 seconds
Start importing Assets/TextMesh Pro/Fonts/GlacialIndifference-Bold.otf using Guid(1157ecbe5de7f68419d351959a850a5b) (TrueTypeFontImporter) -> (artifact id: 'eb3b7005e7712fb9558cd296af51a5e4') in 0.001624875 seconds
Start importing Packages/com.unity.searcher/Editor/Resources/FlatSkin/Font/Roboto-ThinItalic.ttf using Guid(b2ea3b3f1765e544b9eb5bd1a93a91ce) (TrueTypeFontImporter) -> (artifact id: '38fbf127206aee89e1cb04ce411fa2a7') in 0.003356458 seconds
Start importing Assets/Imports/Fonts/Kardust TS Condensed Bold Italic.ttf using Guid(43190aae55d132343974c076aeff98de) (TrueTypeFontImporter) -> (artifact id: 'bdbec313be1c39327f115e9672bcb4b4') in 0.001388542 seconds
Start importing Assets/Imports/Menus/kenney_ui-pack/Font/Kenney Future Narrow.ttf using Guid(c3c544cd2761c3b4ca4b5cd1aff38206) (TrueTypeFontImporter) -> (artifact id: 'f990c38ea3c03748e814737daefd8862') in 0.002455875 seconds
Start importing Assets/TextMesh Pro/Fonts/LiberationSans.ttf using Guid(e3265ab4bf004d28a9537516768c1c75) (TrueTypeFontImporter) -> (artifact id: 'a50f1bb7ba5ade2ac469c4b9362e8223') in 0.2458455 seconds
Start importing Assets/Imports/Fonts/hyperspacerace-italic.otf using Guid(24c5845cf0f3b4969b440daadc4663fd) (TrueTypeFontImporter) -> (artifact id: 'ddf8028c4f78cb5a7d2dbd7dcd079717') in 0.001522166 seconds
Start importing Assets/TextMesh Pro/Examples & Extras/Resources/Fonts & Materials/GlacialIndifference-Bold.otf using Guid(6478bd1ec152ef448b65cafe3192956b) (TrueTypeFontImporter) -> (artifact id: '84ce084989b7904da96459e3a80cf0c8') in 0.001603209 seconds
Start importing Packages/com.unity.render-pipelines.core/Runtime/Debugging/Prefabs/Fonts/PerfectDOSVGA437.ttf using Guid(74a5091d8707f334b9a5c31ef71a64ba) (TrueTypeFontImporter) -> (artifact id: '6f4785e70568db0a73f4fa0d603f9240') in 0.001791458 seconds
Start importing Assets/TextMesh Pro/Examples & Extras/Fonts/Unity.ttf using Guid(f4eec857a4fdf2f43be0e9f3d1a984e7) (TrueTypeFontImporter) -> (artifact id: '8ccbcd553c1b95f8ae341db4115e9fc2') in 0.021458791 seconds
Start importing Packages/com.unity.searcher/Editor/Resources/FlatSkin/Font/Roboto-Medium.ttf using Guid(a51a3aebb43ac044989270407476b208) (TrueTypeFontImporter) -> (artifact id: '09f7077655c519192189ec3ced2a7c63') in 0.001957916 seconds
Start importing Packages/com.unity.searcher/Editor/Resources/FlatSkin/Font/Roboto-Bold.ttf using Guid(3750c318f40cab44a97d3a81beaefeb3) (TrueTypeFontImporter) -> (artifact id: 'c64ad866a50f4a1b0de0ee47836a7b43') in 0.001360584 seconds
Start importing Assets/Imports/Fonts/Capsmall_clean.ttf using Guid(8705da8bb5dc74ce9b1398dd58b61de2) (TrueTypeFontImporter) -> (artifact id: '87c1b471383efc20fa8b19487bf27054') in 0.00133325 seconds
Start importing Packages/com.unity.searcher/Editor/Resources/FlatSkin/Font/Roboto-Italic.ttf using Guid(c839255fc8f6b4b4d90bf8c1af9f9bd1) (TrueTypeFontImporter) -> (artifact id: 'e2493cd3f37225e4a242c6ab633c95a0') in 0.001383625 seconds
Start importing Packages/com.unity.searcher/Editor/Resources/FlatSkin/Font/Roboto-Thin.ttf using Guid(19a9abb883540be48b75b951a927ae03) (TrueTypeFontImporter) -> (artifact id: '684f0e2ff7d26291b5b13199b528afd1') in 0.001387834 seconds
Start importing Assets/TextMesh Pro/Examples & Extras/Fonts/Anton.ttf using Guid(997a43b767814dd0a7642ec9b78cba41) (TrueTypeFontImporter) -> (artifact id: 'a9f75bbe0734582177a1b4accbe20b49') in 0.001585583 seconds
Start importing Assets/TextMesh Pro/Examples & Extras/Resources/Fonts & Materials/GlacialIndifference-Bold 1.otf using Guid(b906f68fa63f50a41944876f3568691c) (TrueTypeFontImporter) -> (artifact id: '3bb8deb1a1c26523ad522b2fc260fe48') in 0.0014195 seconds
Start importing Assets/TextMesh Pro/Examples & Extras/Fonts/Oswald-Bold.ttf using Guid(c9f6d0e7bc8541498c9a4799ba184ede) (TrueTypeFontImporter) -> (artifact id: '4a84a1827f4c99a4999c0a5738394cc6') in 0.001366709 seconds
Start importing Packages/com.unity.searcher/Editor/Resources/FlatSkin/Font/Roboto-MediumItalic.ttf using Guid(d93c1bc57fdf1ac4dad1bf04fac05464) (TrueTypeFontImporter) -> (artifact id: '7575ec433ddad2543a61b335fe796178') in 0.001648417 seconds
Start importing Packages/com.unity.searcher/Editor/Resources/FlatSkin/Font/Roboto-BlackItalic.ttf using Guid(f95147a9bab9fe649b8070170fa7ebd2) (TrueTypeFontImporter) -> (artifact id: '9438b01ccba0d56dbd33951055439ca4') in 0.001737375 seconds
Start importing Packages/com.unity.searcher/Editor/Resources/FlatSkin/Font/Roboto-Light.ttf using Guid(2a29e27936eb547458f646f71125b264) (TrueTypeFontImporter) -> (artifact id: 'e377f5c863359573104339f0fd7d6b68') in 0.001859417 seconds
Start importing Assets/TextMesh Pro/Examples & Extras/Fonts/Electronic Highway Sign.TTF using Guid(8a2b9e2a607dd2143b58c44bc32410b4) (TrueTypeFontImporter) -> (artifact id: '66412937f6d8c301fc344d71accebe11') in 0.001143875 seconds
Start importing Assets/Imports/Fonts/Khand-Regular.ttf using Guid(fa4301c3eddc44313bb05f39ce88561f) (TrueTypeFontImporter) -> (artifact id: '4eceb2b4a5a36bd8c94617f5ad8e3ab6') in 0.001492917 seconds
Start importing Assets/TextMesh Pro/Examples & Extras/Fonts/Roboto-Bold.ttf using Guid(4beb055f07aaff244873dec698d0363e) (TrueTypeFontImporter) -> (artifact id: '42e55b44502365e9c6edcc0234f69d44') in 0.001570583 seconds
Start importing Assets/TextMesh Pro/Examples & Extras/Fonts/Bangers.ttf using Guid(5dd49b3eacc540408c98eee0de38e0f1) (TrueTypeFontImporter) -> (artifact id: '757fbc82a3748f27628e7932cc5a49c2') in 0.001445 seconds
Start importing Assets/Imports/Fonts/AsapCondensed-Black.ttf using Guid(5e5093c5e03e04abd99191eb1978165b) (TrueTypeFontImporter) -> (artifact id: 'a49a2ddafb9c8a93b1bc0cc908c1b160') in 0.001665334 seconds
Start importing Packages/com.unity.searcher/Editor/Resources/FlatSkin/Font/Roboto-LightItalic.ttf using Guid(5e63515167650a541b309ba3bfd4db3d) (TrueTypeFontImporter) -> (artifact id: '2a599b4c7a09f4f428606a84eb0564bb') in 0.001782708 seconds
Start importing Assets/Imports/Fonts/nasalization rg(1).ttf using Guid(be8eb7a284b9c7b4cb57d3eb414301df) (TrueTypeFontImporter) -> (artifact id: 'ef3e84bf5a7f2c3dfe6f2cc2cee7f01f') in 0.008921666 seconds
Start importing Assets/Imports/Menus/kenney_ui-pack/Font/Kenney Future.ttf using Guid(1f7fc2387af676e418f738190cb7237d) (TrueTypeFontImporter) -> (artifact id: '69ea77d743caa67fc443434251862944') in 0.0016 seconds
Start importing Assets/TextMesh Pro/Examples & Extras/Resources/Fonts & Materials/GlacialIndifference-Regular.otf using Guid(4f9070e303b679a469280af4f67034a6) (TrueTypeFontImporter) -> (artifact id: '569f191a9e99fc4b80dbdc81b65203a2') in 0.001668291 seconds
Start importing Assets/Imports/Fonts/Megahertz In Regular.otf using Guid(bf6c159310b22c54c9e47b00958759e7) (TrueTypeFontImporter) -> (artifact id: 'ef82ff32cc76314bfd351f7501edfab9') in 0.001838084 seconds
Start importing Packages/com.unity.searcher/Editor/Resources/FlatSkin/Font/Roboto-BoldItalic.ttf using Guid(dfb97a9307a577a41bcacba34b9a7e32) (TrueTypeFontImporter) -> (artifact id: '68aa49a097e4546d459e259ff18398cc') in 0.001538541 seconds
Start importing Packages/com.unity.render-pipelines.universal/Runtime/Materials/ArnoldStandardSurface/ArnoldStandardSurfaceTransparent.shadergraph using Guid(30fa68ce467463643a86b839ca0eb195) (ScriptedImporter)Launching external process: /Applications/Unity/Hub/Editor/2023.2.22f1/Unity.app/Contents/Tools/UnityShaderCompiler
Launched and connected shader compiler UnityShaderCompiler after 0.21 seconds
 -> (artifact id: '6dfc2d255e3e806a7fb1cc445209ed73') in 0.5739105 seconds
Start importing Packages/com.unity.render-pipelines.universal/Shaders/AutodeskInteractive/AutodeskInteractiveMasked.shadergraph using Guid(80aa867ac363ac043847b06ad71604cd) (ScriptedImporter) -> (artifact id: 'ec7ca1c061c15381320538c49d531ad2') in 0.125236334 seconds
Start importing Assets/TextMesh Pro/Shaders/TMP_SDF-URP Unlit.shadergraph using Guid(124c112a6e8f1a54e8b0870e881b56d8) (ScriptedImporter) -> (artifact id: '3d563fb8d8bb3a3e812c485c940b6ff7') in 0.13536425 seconds
Start importing Assets/TextMesh Pro/Shaders/TMP_SDF-URP Lit.shadergraph using Guid(a3d800b099a06e0478fb790c5e79057a) (ScriptedImporter) -> (artifact id: 'c1892db265eff4f00c798789213c7356') in 0.175264666 seconds
Start importing Packages/com.unity.render-pipelines.universal/Shaders/2D/VFXSpriteLit.shadergraph using Guid(24a73dccd7b6fad4798be282f96a21f4) (ScriptedImporter) -> (artifact id: 'ab78764653173404620bcfc092fcb431') in 0.084391875 seconds
Start importing Packages/com.unity.render-pipelines.universal/Runtime/Materials/PhysicalMaterial3DsMax/PhysicalMaterial3DsMax.shadergraph using Guid(44245ab89240f51459a5077d7145c452) (ScriptedImporter) -> (artifact id: 'c05d727afc7b9c63f1fea2e24d0d6fb2') in 0.147524541 seconds
Start importing Packages/com.unity.render-pipelines.universal/Runtime/Materials/ArnoldStandardSurface/ArnoldStandardSurface.shadergraph using Guid(3739e562a03fc0b4982d8aa66cc50865) (ScriptedImporter) -> (artifact id: 'b9766bb5ba907e150a3f300148d5769d') in 0.382083875 seconds
Start importing Packages/com.unity.render-pipelines.universal/Shaders/2D/VFXSpriteUnlit.shadergraph using Guid(d7288f66e4fb0634c9afef98c31b722a) (ScriptedImporter) -> (artifact id: 'a4891578830c0f4fba3ff536dc4bc879') in 0.058319542 seconds
Start importing Assets/Materials/LEds/LEDs.shadergraph using Guid(88d82d76b25302e4f81533f3cee81aab) (ScriptedImporter) -> (artifact id: '6d1080c41c26f2c738b84cf3f503c6c5') in 0.111146584 seconds
Start importing Packages/com.unity.render-pipelines.universal/Shaders/Nature/SpeedTree8_PBRLit.shadergraph using Guid(9920c1f1781549a46ba081a2a15a16ec) (ScriptedImporter) -> (artifact id: '6ef6914dc14cfa9d255443c162ea5390') in 1.500063916 seconds
Start importing Packages/com.unity.render-pipelines.universal/Runtime/Materials/PhysicalMaterial3DsMax/PhysicalMaterial3DsMaxTransparent.shadergraph using Guid(1a207e3bee00db44b940e6f362a8e148) (ScriptedImporter) -> (artifact id: '01b2b8ef5bc7ba385b3aefac7966e0d1') in 0.320919667 seconds
Start importing Packages/com.unity.render-pipelines.universal/Shaders/Decal.shadergraph using Guid(9b4e681081e2b4c469111bb649e2f7ee) (ScriptedImporter) -> (artifact id: '7f32585ae30a78af54bd3829e3665722') in 0.16395875 seconds
Start importing Packages/com.unity.render-pipelines.universal/Shaders/FullscreenInvertColors.shadergraph using Guid(fb6390f650ca44a5ba3246d8dda47927) (ScriptedImporter) -> (artifact id: '86e118dce097c22b75ffa934ecf8a62c') in 0.039438083 seconds
Start importing Packages/com.unity.render-pipelines.universal/Shaders/AutodeskInteractive/AutodeskInteractiveTransparent.shadergraph using Guid(5c81372d981403744adbdda4433c9c11) (ScriptedImporter) -> (artifact id: '18b92c6adfa9befa414c1f6f7da378ce') in 0.106069292 seconds
Start importing Assets/Materials/Algae/AlgaeLogoShader.shadergraph using Guid(9c0141191560aaa4aac382b333870033) (ScriptedImporter) -> (artifact id: '59d7e93b3827ab3f8a3c04df911551cb') in 0.233520708 seconds
Start importing Packages/com.unity.render-pipelines.universal/Shaders/AutodeskInteractive/AutodeskInteractive.shadergraph using Guid(0e9d5a909a1f7e84882a534d0d11e49f) (ScriptedImporter) -> (artifact id: '60211ab4d76c10a33fecc6f59dd78b68') in 0.222305834 seconds
Shader Hidden/ProbeVolume/VoxelizeScene is not supported: GPU does not support conservative rasterization
Refreshing native plugins compatible for Editor in 0.82 ms, found 4 plugins.
Preloading 0 native plugins for Editor in 0.00 ms.
Asset Pipeline Refresh (id=c4972feacafc542f787bb6c0a49b9086): Total: 12.937 seconds - Initiated by InitialRefreshV2(ForceSynchronousImport)
	Summary:
		Imports: total=110 (actual=16, local cache=94, cache server=0)
		Asset DB Process Time: managed=5 ms, native=9355 ms
		Asset DB Callback time: managed=348 ms, native=133 ms
		Scripting: domain reloads=1, domain reload time=1703 ms, compile time=1345 ms, other=45 ms
		Project Asset Count: scripts=1571, non-scripts=4177
		Asset File Changes: new=0, changed=0, moved=0, deleted=0
		Scan Filter Count: 1
	InvokeCustomDependenciesCallbacks: 0.001ms
	InvokePackagesCallback: 1.018ms
	ApplyChangesToAssetFolders: 0.316ms
	Scan: 1455.290ms
	OnSourceAssetsModified: 0.001ms
	CategorizeAssetsWithTransientArtifact: 99.597ms
	ProcessAssetsWithTransientArtifactChanges: 56.057ms
	CategorizeAssets: 92.963ms
	ImportOutOfDateAssets: 7464.008ms (1094.525ms without children)
		ImportManagerImport: 4954.418ms (175.749ms without children)
			ImportInProcess: 4763.690ms
			UpdateCategorizedAssets: 14.979ms
		CompileScripts: 1345.378ms
		ReloadNativeAssets: 0.139ms
		UnloadImportedAssets: 5.683ms
		ReloadImportedAssets: 60.956ms
		EnsureUptoDateAssetsAreRegisteredWithGuidPM: 1.719ms
		InitializingProgressBar: 0.012ms
		PostProcessAllAssetNotificationsAddChangedAssets: 0.000ms
		OnDemandSchedulerStart: 1.178ms
	PostProcessAllAssets: 483.654ms
	Hotreload: 9.796ms
	GatherAllCurrentPrimaryArtifactRevisions: 0.000ms
	UnloadStreamsBegin: 4.308ms
	PersistCurrentRevisions: 1.249ms
	UnloadStreamsEnd: 0.002ms
	GenerateScriptTypeHashes: 5.620ms
	Untracked: 3268.888ms

Application.AssetDatabase Initial Refresh End
Shader Hidden/ProbeVolume/VoxelizeScene is not supported: GPU does not support conservative rasterization
Scanning for USB devices : 0.409ms
Initializing Unity extensions:
[Licensing::Client] Successfully resolved entitlements
[MODES] ModeService[none].Initialize
[MODES] ModeService[none].LoadModes
[MODES] Loading mode Default (0) for mode-current-id-MoSimulator
Unloading 41 Unused Serialized files (Serialized files now loaded: 0)
Unloading 7035 unused Assets / (7.0 MB). Loaded Objects now: 7789.
Memory consumption went from 358.4 MB to 351.4 MB.
Total: 18.658375 ms (FindLiveObjects: 0.323792 ms CreateObjectMapping: 0.191916 ms MarkObjects: 13.496459 ms  DeleteObjects: 4.645417 ms)

Building addressables for: CitrusCircuitsMod (target: StandaloneWindows64, prefix: win)
UnityEngine.Debug:ExtractStackTraceNoAlloc (byte*,int,string)
UnityEngine.StackTraceUtility:ExtractStackTrace () (at /Users/bokken/build/output/unity/unity/Runtime/Export/Scripting/StackTrace.cs:37)
UnityEngine.DebugLogHandler:Internal_Log (UnityEngine.LogType,UnityEngine.LogOption,string,UnityEngine.Object)
UnityEngine.DebugLogHandler:LogFormat (UnityEngine.LogType,UnityEngine.Object,string,object[])
UnityEngine.Logger:Log (UnityEngine.LogType,object)
UnityEngine.Debug:Log (object)
Editor.AddressablesModExporter:BuildOneGroup (UnityEditor.AddressableAssets.Settings.AddressableAssetSettings,Editor.AddressablesModExporter/ModBuildSpec) (at Assets/Editor/AddressablesModExporter.cs:111)
Editor.AddressablesModExporter:BuildAndExport (System.Collections.Generic.List`1<Editor.AddressablesModExporter/ModBuildSpec>) (at Assets/Editor/AddressablesModExporter.cs:90)
Editor.AddressablesModExporter:BuildFromCommandLine () (at Assets/Editor/AddressablesModExporter.cs:74)

(Filename: Assets/Editor/AddressablesModExporter.cs Line: 111)

Start importing Assets/AddressableAssetsData/AssetGroups/BayAreaModpack.asset using Guid(50a8af40925b14ac5b1c753a5199cd83) (NativeFormatImporter) -> (artifact id: '96b45d9056971046e5597e68d78d1da8') in 0.001674458 seconds
Start importing Assets/AddressableAssetsData/AddressableAssetSettings.asset using Guid(75be54ec8452b4f43b0aa1a3b6238e73) (NativeFormatImporter) -> (artifact id: '5bd2868ca4b32cd2994575e97e830530') in 0.001691 seconds
Start importing Assets/AddressableAssetsData/AssetGroups/Default Local Group.asset using Guid(f5b71b85a798d6f40bb1c3812901e71f) (NativeFormatImporter) -> (artifact id: '3fb6131f0adc14282e8bf3a78a854a52') in 0.002643917 seconds
Start importing Assets/AddressableAssetsData/AssetGroups/LynkMod.asset using Guid(aac5dc43f207f464cbe5c74a47d73199) (NativeFormatImporter) -> (artifact id: '322e5886b2a272def9f1db216c7bdd93') in 0.000984708 seconds
Start importing Assets/AddressableAssetsData/AssetGroups/FirebotsModpack.asset using Guid(4c877c9eb38bd4d61a1d6891f75d025a) (NativeFormatImporter) -> (artifact id: '0a3d542dcfdd23adb985930affa31056') in 0.001025542 seconds
Start importing Assets/AddressableAssetsData/AssetGroups/MechTechMod.asset using Guid(9cd31e1fc2fdeb84fbde0fabd689577f) (NativeFormatImporter) -> (artifact id: '0ee1ecd84382d752ca495c1d60a2d793') in 0.00139375 seconds
Start importing Assets/AddressableAssetsData/AssetGroups/CitrusCircuitsMod.asset using Guid(bd8f3d30d281e4cafb8c7ec5c3127569) (NativeFormatImporter) -> (artifact id: '4973f540f0dd1b10650c58747c0d2a0f') in 0.001576541 seconds
Start importing Assets/AddressableAssetsData/AssetGroups/Schemas/CitrusCircuitsMod_BundledAssetGroupSchema.asset using Guid(8e5790651b2b34e5d8101296702acab2) (NativeFormatImporter) -> (artifact id: '58cb5e16899d1029c9b8bef83fc83055') in 0.004433 seconds
Refreshing native plugins compatible for Editor in 0.83 ms, found 4 plugins.
Preloading 0 native plugins for Editor in 0.00 ms.
Asset Pipeline Refresh (id=67f216c8aa3794a76bbf9759cf8c79a9): Total: 0.081 seconds - Initiated by StopAssetImportingV2(NoUpdateAssetOptions)
DisplayProgressbar: Processing Addressable Group
DisplayProgressbar: Switch To Build Platform
DisplayProgressbar: Rebuild Sprite Atlas Cache
DisplayProgressbar: Build Player Scripts
[ScriptCompilation] Requested script compilation because: Recompiling all scripts before compiling player scripts because Auto Refresh is disabled.
[40m[32minfo[39m[22m[49m: Microsoft.AspNetCore.Hosting.Diagnostics[1]
      Request starting HTTP/2 POST http://ilpp/UnityILPP.PostProcessing/Ping application/grpc -
[40m[32minfo[39m[22m[49m: Microsoft.AspNetCore.Routing.EndpointMiddleware[0]
      Executing endpoint 'gRPC - /UnityILPP.PostProcessing/Ping'
[40m[32minfo[39m[22m[49m: Microsoft.AspNetCore.Routing.EndpointMiddleware[1]
      Executed endpoint 'gRPC - /UnityILPP.PostProcessing/Ping'
[40m[32minfo[39m[22m[49m: Microsoft.AspNetCore.Hosting.Diagnostics[2]
      Request finished HTTP/2 POST http://ilpp/UnityILPP.PostProcessing/Ping application/grpc - - 200 - application/grpc 0.6730ms
Starting: /Applications/Unity/Hub/Editor/2023.2.22f1/Unity.app/Contents/bee_backend --dont-print-to-structured-log --ipc --defer-dag-verification --dagfile="Library/Bee/1900b0aE.dag" --continue-on-failure --profile="Library/Bee/backend1.traceevents" ScriptAssemblies
WorkingDir: /Users/alonrab/dev/workspaces/Mosim/2025/MoSimulator-Public
DisplayProgressbar: Compiling Scripts
[40m[32minfo[39m[22m[49m: Microsoft.AspNetCore.Hosting.Diagnostics[1]
      Request starting HTTP/2 POST http://ilpp/UnityILPP.PostProcessing/ConfigurePostProcessors application/grpc -
[40m[32minfo[39m[22m[49m: Microsoft.AspNetCore.Routing.EndpointMiddleware[0]
      Executing endpoint 'gRPC - /UnityILPP.PostProcessing/ConfigurePostProcessors'
[40m[32minfo[39m[22m[49m: Unity.ILPP.Runner.PostProcessingAssemblyLoadContext[0]
      Current configuration matches the requested one, skipping
[40m[32minfo[39m[22m[49m: Microsoft.AspNetCore.Routing.EndpointMiddleware[1]
      Executed endpoint 'gRPC - /UnityILPP.PostProcessing/ConfigurePostProcessors'
[40m[32minfo[39m[22m[49m: Microsoft.AspNetCore.Hosting.Diagnostics[2]
      Request finished HTTP/2 POST http://ilpp/UnityILPP.PostProcessing/ConfigurePostProcessors application/grpc - - 200 - application/grpc 4.0044ms
ExitCode: 0 Duration: 0s396ms
[ 750/1003  0s] ILPP-Configuration Library/ilpp-configuration.nevergeneratedoutput
*** Tundra build success (0.37 seconds), 1 items updated, 1003 evaluated
[ScriptCompilation] Requested script compilation because: Compiling scripts for player
Total cache size 266693388
Total cache size after purge 266693388
[40m[32minfo[39m[22m[49m: Microsoft.AspNetCore.Hosting.Diagnostics[1]
      Request starting HTTP/2 POST http://ilpp/UnityILPP.PostProcessing/Ping application/grpc -
[40m[32minfo[39m[22m[49m: Microsoft.AspNetCore.Routing.EndpointMiddleware[0]
      Executing endpoint 'gRPC - /UnityILPP.PostProcessing/Ping'
[40m[32minfo[39m[22m[49m: Microsoft.AspNetCore.Routing.EndpointMiddleware[1]
      Executed endpoint 'gRPC - /UnityILPP.PostProcessing/Ping'
[40m[32minfo[39m[22m[49m: Microsoft.AspNetCore.Hosting.Diagnostics[2]
      Request finished HTTP/2 POST http://ilpp/UnityILPP.PostProcessing/Ping application/grpc - - 200 - application/grpc 0.1712ms
Starting: /Applications/Unity/Hub/Editor/2023.2.22f1/Unity.app/Contents/bee_backend --dont-print-to-structured-log --ipc --defer-dag-verification --dagfile="Library/Bee/1900b0aP.dag" --continue-on-failure --profile="Library/Bee/backend1.traceevents" ScriptAssembliesAndTypeDB
WorkingDir: /Users/alonrab/dev/workspaces/Mosim/2025/MoSimulator-Public
[40m[32minfo[39m[22m[49m: Microsoft.AspNetCore.Hosting.Diagnostics[1]
      Request starting HTTP/2 POST http://ilpp/UnityILPP.PostProcessing/ConfigurePostProcessors application/grpc -
[40m[32minfo[39m[22m[49m: Microsoft.AspNetCore.Routing.EndpointMiddleware[0]
      Executing endpoint 'gRPC - /UnityILPP.PostProcessing/ConfigurePostProcessors'
[40m[32minfo[39m[22m[49m: Unity.ILPP.Runner.PostProcessingAssemblyLoadContext[0]
      ALC ILPP context 1 is unloading
[40m[1m[33mwarn[39m[22m[49m: Unity.ILPP.Runner.PostProcessingAssemblyLoadContext[0]
      Assembly system.runtime.interopservices.windowsruntime has duplicate hint path. Ignoring "/Applications/Unity/Hub/Editor/2023.2.22f1/Unity.app/Contents/UnityReferenceAssemblies/unity-4.8-api/Facades/System.Runtime.InteropServices.WindowsRuntime.dll" in favor of "/Applications/Unity/Hub/Editor/2023.2.22f1/Unity.app/Contents/NetStandard/Extensions/2.0.0/System.Runtime.InteropServices.WindowsRuntime.dll"
[40m[1m[33mwarn[39m[22m[49m: Unity.ILPP.Runner.PostProcessingAssemblyLoadContext[0]
      Assembly system.componentmodel.composition has duplicate hint path. Ignoring "/Applications/Unity/Hub/Editor/2023.2.22f1/Unity.app/Contents/UnityReferenceAssemblies/unity-4.8-api/System.ComponentModel.Composition.dll" in favor of "/Applications/Unity/Hub/Editor/2023.2.22f1/Unity.app/Contents/NetStandard/compat/2.1.0/shims/netfx/System.ComponentModel.Composition.dll"
[40m[32minfo[39m[22m[49m: Unity.ILPP.Runner.PostProcessingAssemblyLoadContext[0]
      Resolved Unity.Burst.Cecil, Version=0.11.4.0, Culture=neutral, PublicKeyToken=50cebf1cceb9d05e with Library/PackageCache/com.unity.burst@1.8.13/Unity.Burst.CodeGen/Unity.Burst.Cecil.dll
[40m[32minfo[39m[22m[49m: Unity.ILPP.Runner.PostProcessingAssemblyLoadContext[0]
      Resolved Mono.Cecil, Version=0.11.4.0, Culture=neutral, PublicKeyToken=50cebf1cceb9d05e with Library/PackageCache/com.unity.nuget.mono-cecil@1.11.4/Mono.Cecil.dll
[40m[32minfo[39m[22m[49m: Microsoft.AspNetCore.Routing.EndpointMiddleware[1]
      Executed endpoint 'gRPC - /UnityILPP.PostProcessing/ConfigurePostProcessors'
[40m[32minfo[39m[22m[49m: Microsoft.AspNetCore.Hosting.Diagnostics[2]
      Request finished HTTP/2 POST http://ilpp/UnityILPP.PostProcessing/ConfigurePostProcessors application/grpc - - 200 - application/grpc 11.5293ms
ExitCode: 0 Duration: 1s405ms
[546/675    0s] ILPP-Configuration Library/ilpp-configuration.nevergeneratedoutput
[582/675    0s] CopyFiles Library/PlayerScriptAssemblies/Unity.RenderPipelines.Core.Runtime.dll
[583/675    0s] CopyFiles Library/PlayerScriptAssemblies/GameSystems.dll
[584/675    0s] CopyFiles Library/PlayerScriptAssemblies/Unity.Timeline.dll
[585/675    0s] CopyFiles Library/PlayerScriptAssemblies/Unity.RenderPipelines.ShaderGraph.ShaderGraphLibrary.dll
[586/675    0s] CopyFiles Library/PlayerScriptAssemblies/Unity.InputSystem.dll
[587/675    0s] CopyFiles Library/PlayerScriptAssemblies/Unity.RenderPipelines.Core.Runtime.Shared.dll
[588/675    0s] CopyFiles Library/PlayerScriptAssemblies/Unity.VisualScripting.Flow.dll
[589/675    0s] CopyFiles Library/PlayerScriptAssemblies/Unity.AI.Navigation.dll
[590/675    0s] CopyFiles Library/PlayerScriptAssemblies/Unity.Recorder.dll
[591/675    0s] CopyFiles Library/PlayerScriptAssemblies/BREAD.dll
[592/675    0s] CopyFiles Library/PlayerScriptAssemblies/MoSimCore.dll
[593/675    0s] CopyFiles Library/PlayerScriptAssemblies/Unity.RenderPipelines.Universal.2D.Runtime.dll
[594/675    0s] CopyFiles Library/PlayerScriptAssemblies/Unity.VisualScripting.Core.dll
[595/675    0s] CopyFiles Library/PlayerScriptAssemblies/Unity.Burst.dll
[596/675    0s] CopyFiles Library/PlayerScriptAssemblies/Unity.Recorder.Base.dll
[597/675    0s] CopyFiles Library/PlayerScriptAssemblies/Unity.TextMeshPro.dll
[598/675    0s] CopyFiles Library/PlayerScriptAssemblies/Unity.RenderPipeline.Universal.ShaderLibrary.dll
[599/675    0s] CopyFiles Library/PlayerScriptAssemblies/Unity.ScriptableBuildPipeline.dll
[600/675    0s] CopyFiles Library/PlayerScriptAssemblies/Unity.RenderPipelines.Core.ShaderLibrary.dll
[601/675    0s] CopyFiles Library/PlayerScriptAssemblies/Assembly-CSharp.dll
[603/675    0s] CopyFiles Library/PlayerScriptAssemblies/Unity.Collections.dll
[604/675    0s] CopyFiles Library/PlayerScriptAssemblies/Unity.RenderPipelines.Universal.Runtime.dll
[605/675    0s] CopyFiles Library/PlayerScriptAssemblies/MoSimLib.dll
[606/675    0s] CopyFiles Library/PlayerScriptAssemblies/Unity.Cinemachine.dll
[607/675    0s] CopyFiles Library/PlayerScriptAssemblies/Unity.ResourceManager.dll
[608/675    0s] CopyFiles Library/PlayerScriptAssemblies/Lynk.dll
[609/675    0s] CopyFiles Library/PlayerScriptAssemblies/Quixilver.dll
[610/675    0s] CopyFiles Library/PlayerScriptAssemblies/Unity.InputSystem.ForUI.dll
[611/675    0s] CopyFiles Library/PlayerScriptAssemblies/RobotFramework.dll
[612/675    0s] CopyFiles Library/PlayerScriptAssemblies/Unity.Splines.dll
[613/675    0s] CopyFiles Library/PlayerScriptAssemblies/Nobi.UiRoundedCorners.dll
[614/675    0s] CopyFiles Library/PlayerScriptAssemblies/Unity.Addressables.dll
[615/675    0s] CopyFiles Library/PlayerScriptAssemblies/Reefscape.dll
[617/675    0s] CopyFiles Library/PlayerScriptAssemblies/Unity.Mathematics.dll
[618/675    0s] CopyFiles Library/PlayerScriptAssemblies/UnityEngine.UI.dll
[619/675    0s] CopyFiles Library/PlayerScriptAssemblies/Unity.VisualScripting.State.dll
[620/675    0s] CopyFiles Library/PlayerScriptAssemblies/Unity.ResourceManager.pdb
[621/675    0s] CopyFiles Library/PlayerScriptAssemblies/CitrusCircuits.dll
[622/675    0s] CopyFiles Library/PlayerScriptAssemblies/CitrusCircuits.pdb
[623/675    0s] CopyFiles Library/PlayerScriptAssemblies/Unity.InputSystem.pdb
[624/675    0s] CopyFiles Library/PlayerScriptAssemblies/Unity.RenderPipelines.Core.Runtime.pdb
[625/675    0s] CopyFiles Library/PlayerScriptAssemblies/Unity.RenderPipelines.Core.Runtime.Shared.pdb
[626/675    0s] CopyFiles Library/PlayerScriptAssemblies/Unity.AI.Navigation.pdb
[627/675    0s] CopyFiles Library/PlayerScriptAssemblies/BREAD.pdb
[628/675    0s] CopyFiles Library/PlayerScriptAssemblies/Unity.RenderPipelines.Universal.2D.Runtime.pdb
[629/675    0s] CopyFiles Library/PlayerScriptAssemblies/Unity.VisualScripting.Core.pdb
[630/675    0s] CopyFiles Library/PlayerScriptAssemblies/Unity.Recorder.Base.pdb
[631/675    0s] CopyFiles Library/PlayerScriptAssemblies/Unity.ScriptableBuildPipeline.pdb
[632/675    0s] CopyFiles Library/PlayerScriptAssemblies/Unity.RenderPipelines.Core.ShaderLibrary.pdb
[633/675    0s] CopyFiles Library/PlayerScriptAssemblies/Unity.Collections.pdb
[634/675    0s] CopyFiles Library/PlayerScriptAssemblies/Lynk.pdb
[635/675    0s] CopyFiles Library/PlayerScriptAssemblies/Unity.InputSystem.ForUI.pdb
[636/675    0s] CopyFiles Library/PlayerScriptAssemblies/RobotFramework.pdb
[638/675    0s] CopyFiles Library/PlayerScriptAssemblies/Nobi.UiRoundedCorners.pdb
[639/675    0s] CopyFiles Library/PlayerScriptAssemblies/Unity.Mathematics.pdb
[640/675    0s] CopyFiles Library/PlayerScriptAssemblies/Unity.VisualScripting.State.pdb
[641/675    0s] CopyFiles Library/PlayerScriptAssemblies/Unity.Cinemachine.pdb
[642/675    0s] CopyFiles Library/PlayerScriptAssemblies/Unity.RenderPipelines.ShaderGraph.ShaderGraphLibrary.pdb
[643/675    0s] CopyFiles Library/PlayerScriptAssemblies/Blazing Bulldogs.pdb
[644/675    0s] CopyFiles Library/PlayerScriptAssemblies/Blazing Bulldogs.dll
[645/675    0s] CopyFiles Library/PlayerScriptAssemblies/Unity.TextMeshPro.pdb
[646/675    0s] CopyFiles Library/PlayerScriptAssemblies/UnityEngine.UI.pdb
[647/675    0s] CopyFiles Library/PlayerScriptAssemblies/Unity.VisualScripting.Flow.pdb
[648/675    0s] CopyFiles Library/PlayerScriptAssemblies/GameSystems.pdb
[649/675    0s] CopyFiles Library/PlayerScriptAssemblies/MoSimLib.pdb
[650/675    0s] CopyFiles Library/PlayerScriptAssemblies/Assembly-CSharp.pdb
[651/675    0s] CopyFiles Library/PlayerScriptAssemblies/Unity.Splines.pdb
[652/675    0s] CopyFiles Library/PlayerScriptAssemblies/Unity.Burst.pdb
[653/675    0s] CopyFiles Library/PlayerScriptAssemblies/Unity.RenderPipeline.Universal.ShaderLibrary.pdb
[654/675    0s] CopyFiles Library/PlayerScriptAssemblies/Unity.RenderPipelines.Universal.Runtime.pdb
[655/675    0s] CopyFiles Library/PlayerScriptAssemblies/Quixilver.pdb
[660/675    0s] CopyFiles Library/PlayerScriptAssemblies/Unity.Timeline.pdb
[661/675    0s] CopyFiles Library/PlayerScriptAssemblies/Unity.Addressables.pdb
[662/675    0s] CopyFiles Library/PlayerScriptAssemblies/Unity.Recorder.pdb
[663/675    0s] CopyFiles Library/PlayerScriptAssemblies/Reefscape.pdb
[664/675    0s] CopyFiles Library/PlayerScriptAssemblies/MoSimCore.pdb
[665/675    0s] CopyFiles Library/PlayerScriptAssemblies/Firebots.dll
[666/675    0s] CopyFiles Library/PlayerScriptAssemblies/Firebots.pdb
[667/675    0s] CopyFiles Library/PlayerScriptAssemblies/Unity.RenderPipelines.Universal.Shaders.dll
[668/675    0s] CopyFiles Library/PlayerScriptAssemblies/Unity.Profiling.Core.dll
[669/675    0s] CopyFiles Library/PlayerScriptAssemblies/Unity.Rendering.LightTransport.Runtime.pdb
[670/675    0s] CopyFiles Library/PlayerScriptAssemblies/Unity.Profiling.Core.pdb
[671/675    0s] CopyFiles Library/PlayerScriptAssemblies/Unity.RenderPipelines.Universal.Shaders.pdb
[672/675    0s] CopyFiles Library/PlayerScriptAssemblies/Unity.Rendering.LightTransport.Runtime.dll
[674/675    0s] BuildPlayerDataGenerator Library/BuildPlayerData/Player/RuntimeInitializeOnLoads.json (+1 other)
*** Tundra build success (1.35 seconds), 86 items updated, 675 evaluated
Total cache size 266693388
Total cache size after purge 266693388
[40m[32minfo[39m[22m[49m: Microsoft.AspNetCore.Hosting.Diagnostics[1]
      Request starting HTTP/2 POST http://ilpp/UnityILPP.PostProcessing/Ping application/grpc -
[40m[32minfo[39m[22m[49m: Microsoft.AspNetCore.Routing.EndpointMiddleware[0]
      Executing endpoint 'gRPC - /UnityILPP.PostProcessing/Ping'
[40m[32minfo[39m[22m[49m: Microsoft.AspNetCore.Routing.EndpointMiddleware[1]
      Executed endpoint 'gRPC - /UnityILPP.PostProcessing/Ping'
[40m[32minfo[39m[22m[49m: Microsoft.AspNetCore.Hosting.Diagnostics[2]
      Request finished HTTP/2 POST http://ilpp/UnityILPP.PostProcessing/Ping application/grpc - - 200 - application/grpc 0.1998ms
Starting: /Applications/Unity/Hub/Editor/2023.2.22f1/Unity.app/Contents/bee_backend --dont-print-to-structured-log --ipc --defer-dag-verification --dagfile="Library/Bee/1900b0aE.dag" --continue-on-failure --profile="Library/Bee/backend1.traceevents" ScriptAssembliesAndTypeDB
WorkingDir: /Users/alonrab/dev/workspaces/Mosim/2025/MoSimulator-Public
[40m[32minfo[39m[22m[49m: Microsoft.AspNetCore.Hosting.Diagnostics[1]
      Request starting HTTP/2 POST http://ilpp/UnityILPP.PostProcessing/ConfigurePostProcessors application/grpc -
[40m[32minfo[39m[22m[49m: Microsoft.AspNetCore.Routing.EndpointMiddleware[0]
      Executing endpoint 'gRPC - /UnityILPP.PostProcessing/ConfigurePostProcessors'
[40m[32minfo[39m[22m[49m: Unity.ILPP.Runner.PostProcessingAssemblyLoadContext[0]
      ALC ILPP context 2 is unloading
[40m[1m[33mwarn[39m[22m[49m: Unity.ILPP.Runner.PostProcessingAssemblyLoadContext[0]
      Assembly system.runtime.interopservices.windowsruntime has duplicate hint path. Ignoring "/Applications/Unity/Hub/Editor/2023.2.22f1/Unity.app/Contents/UnityReferenceAssemblies/unity-4.8-api/Facades/System.Runtime.InteropServices.WindowsRuntime.dll" in favor of "/Applications/Unity/Hub/Editor/2023.2.22f1/Unity.app/Contents/NetStandard/Extensions/2.0.0/System.Runtime.InteropServices.WindowsRuntime.dll"
[40m[1m[33mwarn[39m[22m[49m: Unity.ILPP.Runner.PostProcessingAssemblyLoadContext[0]
      Assembly system.componentmodel.composition has duplicate hint path. Ignoring "/Applications/Unity/Hub/Editor/2023.2.22f1/Unity.app/Contents/UnityReferenceAssemblies/unity-4.8-api/System.ComponentModel.Composition.dll" in favor of "/Applications/Unity/Hub/Editor/2023.2.22f1/Unity.app/Contents/NetStandard/compat/2.1.0/shims/netfx/System.ComponentModel.Composition.dll"
[40m[32minfo[39m[22m[49m: Unity.ILPP.Runner.PostProcessingAssemblyLoadContext[0]
      Resolved Unity.Burst.Cecil, Version=0.11.4.0, Culture=neutral, PublicKeyToken=50cebf1cceb9d05e with Library/PackageCache/com.unity.burst@1.8.13/Unity.Burst.CodeGen/Unity.Burst.Cecil.dll
[40m[32minfo[39m[22m[49m: Unity.ILPP.Runner.PostProcessingAssemblyLoadContext[0]
      Resolved Mono.Cecil, Version=0.11.4.0, Culture=neutral, PublicKeyToken=50cebf1cceb9d05e with Library/PackageCache/com.unity.nuget.mono-cecil@1.11.4/Mono.Cecil.dll
[40m[32minfo[39m[22m[49m: Microsoft.AspNetCore.Routing.EndpointMiddleware[1]
      Executed endpoint 'gRPC - /UnityILPP.PostProcessing/ConfigurePostProcessors'
[40m[32minfo[39m[22m[49m: Microsoft.AspNetCore.Hosting.Diagnostics[2]
      Request finished HTTP/2 POST http://ilpp/UnityILPP.PostProcessing/ConfigurePostProcessors application/grpc - - 200 - application/grpc 6.7830ms
ExitCode: 0 Duration: 1s887ms
[ 750/1005  0s] ILPP-Configuration Library/ilpp-configuration.nevergeneratedoutput
[1004/1005  1s] BuildPlayerDataGenerator Library/BuildPlayerData/Editor/TypeDb-All.json
*** Tundra build success (1.81 seconds), 2 items updated, 1005 evaluated
Total cache size 266693388
Total cache size after purge 266693388
DisplayProgressbar: Post Scripts Callback
DisplayProgressbar: Calculate Scene Dependency Data
DisplayProgressbar: Calculate Asset Dependency Data
Refreshing native plugins compatible for Editor in 1.61 ms, found 4 plugins.
Preloading 0 native plugins for Editor in 0.00 ms.
DisplayProgressbar: Add Hash To Bundle Name Task
DisplayProgressbar: Strip Unused Sprite Sources
DisplayProgressbar: Create Built In Bundle
DisplayProgressbar: Post Dependency Callback
DisplayProgressbar: Generate Bundle Packing
DisplayProgressbar: Update Bundle Object Layout
DisplayProgressbar: Generate Bundle Commands
DisplayProgressbar: Generate Sub Asset Path Maps
DisplayProgressbar: Generate Bundle Maps
DisplayProgressbar: Post Packing Callback
DisplayProgressbar: Write Serialized Files
Compiling shader "Shader Graphs/LEDs" pass "Universal Forward" (vp)
    Full variant space:         221184
    After settings filtering:   12288
    After built-in stripping:   24
    After scriptable stripping: 3
    Processed in 0.22 seconds
    starting compilation...
Launching external process: /Applications/Unity/Hub/Editor/2023.2.22f1/Unity.app/Contents/Tools/UnityShaderCompiler
Launched and connected shader compiler UnityShaderCompiler after 0.04 seconds
Launching external process: /Applications/Unity/Hub/Editor/2023.2.22f1/Unity.app/Contents/Tools/UnityShaderCompiler
Launched and connected shader compiler UnityShaderCompiler after 0.04 seconds
Launching external process: /Applications/Unity/Hub/Editor/2023.2.22f1/Unity.app/Contents/Tools/UnityShaderCompiler
Launched and connected shader compiler UnityShaderCompiler after 0.04 seconds
    finished in 0.23 seconds. Local cache hits 0 (0.00s CPU time), remote cache hits 0 (0.00s CPU time), compiled 3 variants (0.58s CPU time), skipped 0 variants
    Prepared data for serialisation in 0.00s
Compiling shader "Shader Graphs/LEDs" pass "Universal Forward" (fp)
    Full variant space:         1132462080
    After settings filtering:   61440
    After built-in stripping:   120
    After scriptable stripping: 18
    Processed in 0.00 seconds
    starting compilation...
Launching external process: /Applications/Unity/Hub/Editor/2023.2.22f1/Unity.app/Contents/Tools/UnityShaderCompiler
Launched and connected shader compiler UnityShaderCompiler after 0.07 seconds
Launching external process: /Applications/Unity/Hub/Editor/2023.2.22f1/Unity.app/Contents/Tools/UnityShaderCompiler
Launched and connected shader compiler UnityShaderCompiler after 0.05 seconds
Launching external process: /Applications/Unity/Hub/Editor/2023.2.22f1/Unity.app/Contents/Tools/UnityShaderCompiler
Launched and connected shader compiler UnityShaderCompiler after 0.18 seconds
Launching external process: /Applications/Unity/Hub/Editor/2023.2.22f1/Unity.app/Contents/Tools/UnityShaderCompiler
Launched and connected shader compiler UnityShaderCompiler after 0.14 seconds
Launching external process: /Applications/Unity/Hub/Editor/2023.2.22f1/Unity.app/Contents/Tools/UnityShaderCompiler
Launched and connected shader compiler UnityShaderCompiler after 0.06 seconds
Launching external process: /Applications/Unity/Hub/Editor/2023.2.22f1/Unity.app/Contents/Tools/UnityShaderCompiler
Launched and connected shader compiler UnityShaderCompiler after 0.08 seconds
    finished in 4.65 seconds. Local cache hits 0 (0.00s CPU time), remote cache hits 0 (0.00s CPU time), compiled 18 variants (38.17s CPU time), skipped 0 variants
    Prepared data for serialisation in 0.00s
Compiling shader "Shader Graphs/LEDs" pass "GBuffer" (vp)
    Full variant space:         24576
    After settings filtering:   8192
    After built-in stripping:   16
    After scriptable stripping: 0
    Processed in 0.00 seconds
    Prepared data for serialisation in 0.00s
Compiling shader "Shader Graphs/LEDs" pass "ShadowCaster" (vp)
    Full variant space:         16
    After settings filtering:   16
    After built-in stripping:   4
    After scriptable stripping: 2
    Processed in 0.00 seconds
    starting compilation...
    finished in 0.08 seconds. Local cache hits 0 (0.00s CPU time), remote cache hits 0 (0.00s CPU time), compiled 2 variants (0.16s CPU time), skipped 0 variants
    Prepared data for serialisation in 0.00s
Compiling shader "Shader Graphs/LEDs" pass "ShadowCaster" (fp)
    Full variant space:         8
    After settings filtering:   8
    After built-in stripping:   2
    After scriptable stripping: 1
    Processed in 0.00 seconds
    starting compilation...
    finished in 0.05 seconds. Local cache hits 0 (0.00s CPU time), remote cache hits 0 (0.00s CPU time), compiled 1 variants (0.05s CPU time), skipped 0 variants
    Prepared data for serialisation in 0.00s
Compiling shader "Shader Graphs/LEDs" pass "MotionVectors" (vp)
    Full variant space:         8
    After settings filtering:   8
    After built-in stripping:   2
    After scriptable stripping: 1
    Processed in 0.00 seconds
    starting compilation...
    finished in 0.05 seconds. Local cache hits 0 (0.00s CPU time), remote cache hits 0 (0.00s CPU time), compiled 1 variants (0.05s CPU time), skipped 0 variants
    Prepared data for serialisation in 0.00s
Compiling shader "Shader Graphs/LEDs" pass "MotionVectors" (fp)
    Full variant space:         16
    After settings filtering:   8
    After built-in stripping:   2
    After scriptable stripping: 1
    Processed in 0.00 seconds
    starting compilation...
    finished in 0.05 seconds. Local cache hits 0 (0.00s CPU time), remote cache hits 0 (0.00s CPU time), compiled 1 variants (0.05s CPU time), skipped 0 variants
    Prepared data for serialisation in 0.00s
Compiling shader "Shader Graphs/LEDs" pass "DepthOnly" (vp)
    Full variant space:         8
    After settings filtering:   8
    After built-in stripping:   2
    After scriptable stripping: 1
    Processed in 0.00 seconds
    starting compilation...
    finished in 0.05 seconds. Local cache hits 0 (0.00s CPU time), remote cache hits 0 (0.00s CPU time), compiled 1 variants (0.05s CPU time), skipped 0 variants
    Prepared data for serialisation in 0.00s
Compiling shader "Shader Graphs/LEDs" pass "DepthOnly" (fp)
    Full variant space:         8
    After settings filtering:   8
    After built-in stripping:   2
    After scriptable stripping: 1
    Processed in 0.00 seconds
    starting compilation...
    finished in 0.05 seconds. Local cache hits 0 (0.00s CPU time), remote cache hits 0 (0.00s CPU time), compiled 1 variants (0.05s CPU time), skipped 0 variants
    Prepared data for serialisation in 0.00s
Compiling shader "Shader Graphs/LEDs" pass "DepthNormals" (vp)
    Full variant space:         8
    After settings filtering:   8
    After built-in stripping:   2
    After scriptable stripping: 1
    Processed in 0.00 seconds
    starting compilation...
    finished in 0.05 seconds. Local cache hits 0 (0.00s CPU time), remote cache hits 0 (0.00s CPU time), compiled 1 variants (0.05s CPU time), skipped 0 variants
    Prepared data for serialisation in 0.00s
Compiling shader "Shader Graphs/LEDs" pass "DepthNormals" (fp)
    Full variant space:         16
    After settings filtering:   8
    After built-in stripping:   2
    After scriptable stripping: 1
    Processed in 0.00 seconds
    starting compilation...
    finished in 0.04 seconds. Local cache hits 0 (0.00s CPU time), remote cache hits 0 (0.00s CPU time), compiled 1 variants (0.04s CPU time), skipped 0 variants
    Prepared data for serialisation in 0.00s
Compiling shader "Shader Graphs/LEDs" pass "Universal 2D" (vp)
    Full variant space:         2
    After settings filtering:   2
    After built-in stripping:   2
    After scriptable stripping: 1
    Processed in 0.00 seconds
    starting compilation...
    finished in 0.05 seconds. Local cache hits 0 (0.00s CPU time), remote cache hits 0 (0.00s CPU time), compiled 1 variants (0.05s CPU time), skipped 0 variants
    Prepared data for serialisation in 0.00s
Compiling shader "Shader Graphs/LEDs" pass "Universal 2D" (fp)
    Full variant space:         2
    After settings filtering:   2
    After built-in stripping:   2
    After scriptable stripping: 1
    Processed in 0.00 seconds
    starting compilation...
    finished in 0.05 seconds. Local cache hits 0 (0.00s CPU time), remote cache hits 0 (0.00s CPU time), compiled 1 variants (0.05s CPU time), skipped 0 variants
    Prepared data for serialisation in 0.00s
Serialized binary data for shader Shader Graphs/LEDs in 0.00s
    d3d11 (total internal programs: 32, unique: 32)
Compiling shader "Hidden/Core/FallbackError" pass "" (vp)
    Full variant space:         3
    After settings filtering:   3
    After built-in stripping:   1
    After scriptable stripping: 1
    Processed in 0.00 seconds
    starting compilation...
    finished in 0.00 seconds. Local cache hits 1 (0.00s CPU time), remote cache hits 0 (0.00s CPU time), compiled 0 variants (0.00s CPU time), skipped 0 variants
    Prepared data for serialisation in 0.00s
Compiling shader "Hidden/Core/FallbackError" pass "" (fp)
    Full variant space:         3
    After settings filtering:   3
    After built-in stripping:   1
    After scriptable stripping: 1
    Processed in 0.00 seconds
    starting compilation...
    finished in 0.00 seconds. Local cache hits 1 (0.00s CPU time), remote cache hits 0 (0.00s CPU time), compiled 0 variants (0.00s CPU time), skipped 0 variants
    Prepared data for serialisation in 0.00s
Serialized binary data for shader Hidden/Core/FallbackError in 0.00s
    d3d11 (total internal programs: 2, unique: 2)
Compiling shader "Universal Render Pipeline/Lit" pass "ForwardLit" (vp)
    Full variant space:         884736
    After settings filtering:   24576
    After built-in stripping:   48
    After scriptable stripping: 6
    Processed in 0.00 seconds
    starting compilation...
    finished in 0.00 seconds. Local cache hits 6 (0.01s CPU time), remote cache hits 0 (0.00s CPU time), compiled 0 variants (0.00s CPU time), skipped 0 variants
    Prepared data for serialisation in 0.00s
Compiling shader "Universal Render Pipeline/Lit" pass "ForwardLit" (fp)
    Full variant space:         9059696640
    After settings filtering:   491520
    After built-in stripping:   960
    After scriptable stripping: 144
    Processed in 0.02 seconds
    starting compilation...
    finished in 0.01 seconds. Local cache hits 144 (0.07s CPU time), remote cache hits 0 (0.00s CPU time), compiled 0 variants (0.00s CPU time), skipped 0 variants
    Prepared data for serialisation in 0.00s
Compiling shader "Universal Render Pipeline/Lit" pass "ShadowCaster" (vp)
    Full variant space:         8
    After settings filtering:   8
    After built-in stripping:   2
    After scriptable stripping: 2
    Processed in 0.00 seconds
    starting compilation...
    finished in 0.00 seconds. Local cache hits 2 (0.00s CPU time), remote cache hits 0 (0.00s CPU time), compiled 0 variants (0.00s CPU time), skipped 0 variants
    Prepared data for serialisation in 0.00s
Compiling shader "Universal Render Pipeline/Lit" pass "ShadowCaster" (fp)
    Full variant space:         8
    After settings filtering:   8
    After built-in stripping:   2
    After scriptable stripping: 2
    Processed in 0.00 seconds
    starting compilation...
    finished in 0.00 seconds. Local cache hits 2 (0.00s CPU time), remote cache hits 0 (0.00s CPU time), compiled 0 variants (0.00s CPU time), skipped 0 variants
    Prepared data for serialisation in 0.00s
Compiling shader "Universal Render Pipeline/Lit" pass "GBuffer" (vp)
    Full variant space:         3072
    After settings filtering:   1024
    After built-in stripping:   8
    After scriptable stripping: 0
    Processed in 0.00 seconds
    Prepared data for serialisation in 0.00s
Compiling shader "Universal Render Pipeline/Lit" pass "DepthOnly" (vp)
    Full variant space:         4
    After settings filtering:   4
    After built-in stripping:   1
    After scriptable stripping: 1
    Processed in 0.00 seconds
    starting compilation...
    finished in 0.00 seconds. Local cache hits 1 (0.00s CPU time), remote cache hits 0 (0.00s CPU time), compiled 0 variants (0.00s CPU time), skipped 0 variants
    Prepared data for serialisation in 0.00s
Compiling shader "Universal Render Pipeline/Lit" pass "DepthOnly" (fp)
    Full variant space:         8
    After settings filtering:   8
    After built-in stripping:   2
    After scriptable stripping: 2
    Processed in 0.00 seconds
    starting compilation...
    finished in 0.00 seconds. Local cache hits 2 (0.00s CPU time), remote cache hits 0 (0.00s CPU time), compiled 0 variants (0.00s CPU time), skipped 0 variants
    Prepared data for serialisation in 0.00s
Compiling shader "Universal Render Pipeline/Lit" pass "DepthNormals" (vp)
    Full variant space:         8
    After settings filtering:   8
    After built-in stripping:   2
    After scriptable stripping: 2
    Processed in 0.00 seconds
    starting compilation...
    finished in 0.00 seconds. Local cache hits 2 (0.00s CPU time), remote cache hits 0 (0.00s CPU time), compiled 0 variants (0.00s CPU time), skipped 0 variants
    Prepared data for serialisation in 0.00s
Compiling shader "Universal Render Pipeline/Lit" pass "DepthNormals" (fp)
    Full variant space:         32
    After settings filtering:   16
    After built-in stripping:   4
    After scriptable stripping: 4
    Processed in 0.00 seconds
    starting compilation...
    finished in 0.00 seconds. Local cache hits 4 (0.00s CPU time), remote cache hits 0 (0.00s CPU time), compiled 0 variants (0.00s CPU time), skipped 0 variants
    Prepared data for serialisation in 0.00s
Compiling shader "Universal Render Pipeline/Lit" pass "Universal2D" (vp)
    Full variant space:         2
    After settings filtering:   2
    After built-in stripping:   1
    After scriptable stripping: 0
    Processed in 0.00 seconds
    Prepared data for serialisation in 0.00s
Compiling shader "Universal Render Pipeline/Lit" pass "MotionVectors" (vp)
    Full variant space:         8
    After settings filtering:   8
    After built-in stripping:   2
    After scriptable stripping: 1
    Processed in 0.00 seconds
    starting compilation...
    finished in 0.00 seconds. Local cache hits 1 (0.00s CPU time), remote cache hits 0 (0.00s CPU time), compiled 0 variants (0.00s CPU time), skipped 0 variants
    Prepared data for serialisation in 0.00s
Compiling shader "Universal Render Pipeline/Lit" pass "MotionVectors" (fp)
    Full variant space:         16
    After settings filtering:   16
    After built-in stripping:   4
    After scriptable stripping: 2
    Processed in 0.00 seconds
    starting compilation...
    finished in 0.00 seconds. Local cache hits 2 (0.00s CPU time), remote cache hits 0 (0.00s CPU time), compiled 0 variants (0.00s CPU time), skipped 0 variants
    Prepared data for serialisation in 0.00s
Serialized binary data for shader Universal Render Pipeline/Lit in 0.00s
    d3d11 (total internal programs: 166, unique: 166)
Compressed shader 'Universal Render Pipeline/Lit' on d3d11 from 2.06MB to 0.18MB
Compressed shader 'Universal Render Pipeline/Lit' in 0.08s
Compiling shader "TextMeshPro/Distance Field" pass "" (vp)
    Full variant space:         4
    After settings filtering:   4
    After built-in stripping:   4
    After scriptable stripping: 4
    Processed in 0.00 seconds
    starting compilation...
    finished in 0.00 seconds. Local cache hits 4 (0.00s CPU time), remote cache hits 0 (0.00s CPU time), compiled 0 variants (0.00s CPU time), skipped 0 variants
    Prepared data for serialisation in 0.00s
Compiling shader "TextMeshPro/Distance Field" pass "" (fp)
    Full variant space:         4
    After settings filtering:   4
    After built-in stripping:   4
    After scriptable stripping: 4
    Processed in 0.00 seconds
    starting compilation...
    finished in 0.00 seconds. Local cache hits 4 (0.00s CPU time), remote cache hits 0 (0.00s CPU time), compiled 0 variants (0.00s CPU time), skipped 0 variants
    Prepared data for serialisation in 0.00s
Serialized binary data for shader TextMeshPro/Distance Field in 0.00s
    d3d11 (total internal programs: 8, unique: 8)
Compiling shader "Hidden/Universal Render Pipeline/FallbackError" pass "" (vp)
    Full variant space:         6
    After settings filtering:   6
    After built-in stripping:   1
    After scriptable stripping: 1
    Processed in 0.00 seconds
    starting compilation...
    finished in 0.00 seconds. Local cache hits 1 (0.00s CPU time), remote cache hits 0 (0.00s CPU time), compiled 0 variants (0.00s CPU time), skipped 0 variants
    Prepared data for serialisation in 0.00s
Compiling shader "Hidden/Universal Render Pipeline/FallbackError" pass "" (fp)
    Full variant space:         6
    After settings filtering:   6
    After built-in stripping:   1
    After scriptable stripping: 1
    Processed in 0.00 seconds
    starting compilation...
    finished in 0.00 seconds. Local cache hits 1 (0.00s CPU time), remote cache hits 0 (0.00s CPU time), compiled 0 variants (0.00s CPU time), skipped 0 variants
    Prepared data for serialisation in 0.00s
Serialized binary data for shader Hidden/Universal Render Pipeline/FallbackError in 0.00s
    d3d11 (total internal programs: 2, unique: 2)
Compiling shader "Hidden/Shader Graph/FallbackError" pass "" (vp)
    Full variant space:         4
    After settings filtering:   4
    After built-in stripping:   1
    After scriptable stripping: 1
    Processed in 0.00 seconds
    starting compilation...
    finished in 0.00 seconds. Local cache hits 1 (0.00s CPU time), remote cache hits 0 (0.00s CPU time), compiled 0 variants (0.00s CPU time), skipped 0 variants
    Prepared data for serialisation in 0.00s
Compiling shader "Hidden/Shader Graph/FallbackError" pass "" (fp)
    Full variant space:         4
    After settings filtering:   4
    After built-in stripping:   1
    After scriptable stripping: 1
    Processed in 0.00 seconds
    starting compilation...
    finished in 0.00 seconds. Local cache hits 1 (0.00s CPU time), remote cache hits 0 (0.00s CPU time), compiled 0 variants (0.00s CPU time), skipped 0 variants
    Prepared data for serialisation in 0.00s
Serialized binary data for shader Hidden/Shader Graph/FallbackError in 0.00s
    d3d11 (total internal programs: 2, unique: 2)
Compiling shader "TextMeshPro/Mobile/Distance Field" pass "" (vp)
    Full variant space:         4
    After settings filtering:   4
    After built-in stripping:   4
    After scriptable stripping: 4
    Processed in 0.00 seconds
    starting compilation...
    finished in 0.00 seconds. Local cache hits 4 (0.00s CPU time), remote cache hits 0 (0.00s CPU time), compiled 0 variants (0.00s CPU time), skipped 0 variants
    Prepared data for serialisation in 0.00s
Compiling shader "TextMeshPro/Mobile/Distance Field" pass "" (fp)
    Full variant space:         4
    After settings filtering:   4
    After built-in stripping:   4
    After scriptable stripping: 4
    Processed in 0.00 seconds
    starting compilation...
    finished in 0.00 seconds. Local cache hits 4 (0.00s CPU time), remote cache hits 0 (0.00s CPU time), compiled 0 variants (0.00s CPU time), skipped 0 variants
    Prepared data for serialisation in 0.00s
Serialized binary data for shader TextMeshPro/Mobile/Distance Field in 0.00s
    d3d11 (total internal programs: 8, unique: 8)
DisplayProgressbar: Archive And Compress Bundles
DisplayProgressbar: Generate Location Lists Task
DisplayProgressbar: Post Writing Callback
DisplayProgressbar: Extract Data Task
Unloading 117 Unused Serialized files (Serialized files now loaded: 0)
Unloading 42586 unused Assets / (125.3 MB). Loaded Objects now: 7967.
Memory consumption went from 0.50 GB to 390.9 MB.
Total: 110.034917 ms (FindLiveObjects: 1.622292 ms CreateObjectMapping: 2.074416 ms MarkObjects: 73.023209 ms  DeleteObjects: 33.314000 ms)

DisplayProgressbar: Post Processing AssetBundles
DisplayProgressbar: Post Processing Catalog Entries
DisplayProgressbar: Generating Build Layout
DisplayProgressbar: Build Layout Generation Task
ProfileValueReference: GetValue called with empty id.
UnityEngine.Debug:ExtractStackTraceNoAlloc (byte*,int,string)
UnityEngine.StackTraceUtility:ExtractStackTrace () (at /Users/bokken/build/output/unity/unity/Runtime/Export/Scripting/StackTrace.cs:37)
UnityEngine.DebugLogHandler:Internal_Log (UnityEngine.LogType,UnityEngine.LogOption,string,UnityEngine.Object)
UnityEngine.DebugLogHandler:LogFormat (UnityEngine.LogType,UnityEngine.Object,string,object[])
UnityEngine.Logger:Log (UnityEngine.LogType,object)
UnityEngine.Debug:LogWarning (object)
UnityEditor.AddressableAssets.Settings.ProfileValueReference:GetValue (UnityEditor.AddressableAssets.Settings.AddressableAssetProfileSettings,string,bool) (at ./Library/PackageCache/com.unity.addressables@2.7.6/Editor/Settings/ProfileValueReference.cs:96)
UnityEditor.AddressableAssets.Settings.ProfileValueReference:GetValue (UnityEditor.AddressableAssets.Settings.AddressableAssetSettings,bool) (at ./Library/PackageCache/com.unity.addressables@2.7.6/Editor/Settings/ProfileValueReference.cs:55)
UnityEditor.AddressableAssets.Settings.ProfileValueReference:GetValue (UnityEditor.AddressableAssets.Settings.AddressableAssetSettings) (at ./Library/PackageCache/com.unity.addressables@2.7.6/Editor/Settings/ProfileValueReference.cs:38)
UnityEditor.AddressableAssets.Build.BuildPipelineTasks.BuildLayoutGenerationTask:GenerateBuildLayout (UnityEditor.AddressableAssets.Build.DataBuilders.AddressableAssetsBuildContext,UnityEditor.AddressableAssets.Build.Layout.LayoutLookupTables) (at ./Library/PackageCache/com.unity.addressables@2.7.6/Editor/Build/BuildPipelineTasks/BuildLayoutGenerationTask.cs:767)
UnityEditor.AddressableAssets.Build.BuildPipelineTasks.BuildLayoutGenerationTask:CreateBuildLayout () (at ./Library/PackageCache/com.unity.addressables@2.7.6/Editor/Build/BuildPipelineTasks/BuildLayoutGenerationTask.cs:214)
UnityEditor.AddressableAssets.Build.BuildPipelineTasks.BuildLayoutGenerationTask:Run () (at ./Library/PackageCache/com.unity.addressables@2.7.6/Editor/Build/BuildPipelineTasks/BuildLayoutGenerationTask.cs:1267)
UnityEditor.Build.Pipeline.BuildTasksRunner:Run (System.Collections.Generic.IList`1<UnityEditor.Build.Pipeline.Interfaces.IBuildTask>,UnityEditor.Build.Pipeline.Interfaces.IBuildContext) (at ./Library/PackageCache/com.unity.scriptablebuildpipeline@2.5.0/Editor/Shared/BuildTasksRunner.cs:56)
UnityEditor.AddressableAssets.Build.DataBuilders.BuildScriptPackedMode:DoBuild<UnityEditor.AddressableAssets.Build.AddressablesPlayerBuildResult> (UnityEditor.AddressableAssets.Build.AddressablesDataBuilderInput,UnityEditor.AddressableAssets.Build.DataBuilders.AddressableAssetsBuildContext) (at ./Library/PackageCache/com.unity.addressables@2.7.6/Editor/Build/DataBuilders/BuildScriptPackedMode.cs:555)
UnityEditor.AddressableAssets.Build.DataBuilders.BuildScriptPackedMode:BuildDataImplementation<UnityEditor.AddressableAssets.Build.AddressablesPlayerBuildResult> (UnityEditor.AddressableAssets.Build.AddressablesDataBuilderInput) (at ./Library/PackageCache/com.unity.addressables@2.7.6/Editor/Build/DataBuilders/BuildScriptPackedMode.cs:133)
UnityEditor.AddressableAssets.Build.DataBuilders.BuildScriptBase:BuildData<UnityEditor.AddressableAssets.Build.AddressablesPlayerBuildResult> (UnityEditor.AddressableAssets.Build.AddressablesDataBuilderInput) (at ./Library/PackageCache/com.unity.addressables@2.7.6/Editor/Build/DataBuilders/BuildScriptBase.cs:103)
UnityEditor.AddressableAssets.Settings.AddressableAssetSettings:BuildPlayerContentImpl (UnityEditor.AddressableAssets.Build.AddressablesDataBuilderInput,bool) (at ./Library/PackageCache/com.unity.addressables@2.7.6/Editor/Settings/AddressableAssetSettings.cs:3085)
UnityEditor.AddressableAssets.Settings.AddressableAssetSettings:BuildPlayerContent (UnityEditor.AddressableAssets.Build.AddressablesPlayerBuildResult&,UnityEditor.AddressableAssets.Build.AddressablesDataBuilderInput) (at ./Library/PackageCache/com.unity.addressables@2.7.6/Editor/Settings/AddressableAssetSettings.cs:2994)
UnityEditor.AddressableAssets.Settings.AddressableAssetSettings:BuildPlayerContent (UnityEditor.AddressableAssets.Build.AddressablesPlayerBuildResult&) (at ./Library/PackageCache/com.unity.addressables@2.7.6/Editor/Settings/AddressableAssetSettings.cs:2971)
Editor.AddressablesModExporter:BuildOneGroup (UnityEditor.AddressableAssets.Settings.AddressableAssetSettings,Editor.AddressablesModExporter/ModBuildSpec) (at Assets/Editor/AddressablesModExporter.cs:163)
Editor.AddressablesModExporter:BuildAndExport (System.Collections.Generic.List`1<Editor.AddressablesModExporter/ModBuildSpec>) (at Assets/Editor/AddressablesModExporter.cs:90)
Editor.AddressablesModExporter:BuildFromCommandLine () (at Assets/Editor/AddressablesModExporter.cs:74)

(Filename: ./Library/PackageCache/com.unity.addressables@2.7.6/Editor/Settings/ProfileValueReference.cs Line: 96)

Json build layout written to Library/com.unity.addressables/buildlayout.json
UnityEngine.Debug:ExtractStackTraceNoAlloc (byte*,int,string)
UnityEngine.StackTraceUtility:ExtractStackTrace () (at /Users/bokken/build/output/unity/unity/Runtime/Export/Scripting/StackTrace.cs:37)
UnityEngine.DebugLogHandler:Internal_Log (UnityEngine.LogType,UnityEngine.LogOption,string,UnityEngine.Object)
UnityEngine.DebugLogHandler:LogFormat (UnityEngine.LogType,UnityEngine.Object,string,object[])
UnityEngine.Logger:Log (UnityEngine.LogType,object)
UnityEngine.Debug:Log (object)
UnityEditor.AddressableAssets.Build.BuildPipelineTasks.BuildLayoutGenerationTask:Run () (at ./Library/PackageCache/com.unity.addressables@2.7.6/Editor/Build/BuildPipelineTasks/BuildLayoutGenerationTask.cs:1293)
UnityEditor.Build.Pipeline.BuildTasksRunner:Run (System.Collections.Generic.IList`1<UnityEditor.Build.Pipeline.Interfaces.IBuildTask>,UnityEditor.Build.Pipeline.Interfaces.IBuildContext) (at ./Library/PackageCache/com.unity.scriptablebuildpipeline@2.5.0/Editor/Shared/BuildTasksRunner.cs:56)
UnityEditor.AddressableAssets.Build.DataBuilders.BuildScriptPackedMode:DoBuild<UnityEditor.AddressableAssets.Build.AddressablesPlayerBuildResult> (UnityEditor.AddressableAssets.Build.AddressablesDataBuilderInput,UnityEditor.AddressableAssets.Build.DataBuilders.AddressableAssetsBuildContext) (at ./Library/PackageCache/com.unity.addressables@2.7.6/Editor/Build/DataBuilders/BuildScriptPackedMode.cs:555)
UnityEditor.AddressableAssets.Build.DataBuilders.BuildScriptPackedMode:BuildDataImplementation<UnityEditor.AddressableAssets.Build.AddressablesPlayerBuildResult> (UnityEditor.AddressableAssets.Build.AddressablesDataBuilderInput) (at ./Library/PackageCache/com.unity.addressables@2.7.6/Editor/Build/DataBuilders/BuildScriptPackedMode.cs:133)
UnityEditor.AddressableAssets.Build.DataBuilders.BuildScriptBase:BuildData<UnityEditor.AddressableAssets.Build.AddressablesPlayerBuildResult> (UnityEditor.AddressableAssets.Build.AddressablesDataBuilderInput) (at ./Library/PackageCache/com.unity.addressables@2.7.6/Editor/Build/DataBuilders/BuildScriptBase.cs:103)
UnityEditor.AddressableAssets.Settings.AddressableAssetSettings:BuildPlayerContentImpl (UnityEditor.AddressableAssets.Build.AddressablesDataBuilderInput,bool) (at ./Library/PackageCache/com.unity.addressables@2.7.6/Editor/Settings/AddressableAssetSettings.cs:3085)
UnityEditor.AddressableAssets.Settings.AddressableAssetSettings:BuildPlayerContent (UnityEditor.AddressableAssets.Build.AddressablesPlayerBuildResult&,UnityEditor.AddressableAssets.Build.AddressablesDataBuilderInput) (at ./Library/PackageCache/com.unity.addressables@2.7.6/Editor/Settings/AddressableAssetSettings.cs:2994)
UnityEditor.AddressableAssets.Settings.AddressableAssetSettings:BuildPlayerContent (UnityEditor.AddressableAssets.Build.AddressablesPlayerBuildResult&) (at ./Library/PackageCache/com.unity.addressables@2.7.6/Editor/Settings/AddressableAssetSettings.cs:2971)
Editor.AddressablesModExporter:BuildOneGroup (UnityEditor.AddressableAssets.Settings.AddressableAssetSettings,Editor.AddressablesModExporter/ModBuildSpec) (at Assets/Editor/AddressablesModExporter.cs:163)
Editor.AddressablesModExporter:BuildAndExport (System.Collections.Generic.List`1<Editor.AddressablesModExporter/ModBuildSpec>) (at Assets/Editor/AddressablesModExporter.cs:90)
Editor.AddressablesModExporter:BuildFromCommandLine () (at Assets/Editor/AddressablesModExporter.cs:74)

(Filename: ./Library/PackageCache/com.unity.addressables@2.7.6/Editor/Build/BuildPipelineTasks/BuildLayoutGenerationTask.cs Line: 1293)

Addressable content successfully built (duration : 0:00:37.477)
UnityEngine.Debug:ExtractStackTraceNoAlloc (byte*,int,string)
UnityEngine.StackTraceUtility:ExtractStackTrace () (at /Users/bokken/build/output/unity/unity/Runtime/Export/Scripting/StackTrace.cs:37)
UnityEngine.DebugLogHandler:Internal_Log (UnityEngine.LogType,UnityEngine.LogOption,string,UnityEngine.Object)
UnityEngine.DebugLogHandler:LogFormat (UnityEngine.LogType,UnityEngine.Object,string,object[])
UnityEngine.Logger:Log (UnityEngine.LogType,object)
UnityEngine.Debug:Log (object)
UnityEditor.AddressableAssets.Settings.AddressableAssetSettings:BuildPlayerContentImpl (UnityEditor.AddressableAssets.Build.AddressablesDataBuilderInput,bool) (at ./Library/PackageCache/com.unity.addressables@2.7.6/Editor/Settings/AddressableAssetSettings.cs:3092)
UnityEditor.AddressableAssets.Settings.AddressableAssetSettings:BuildPlayerContent (UnityEditor.AddressableAssets.Build.AddressablesPlayerBuildResult&,UnityEditor.AddressableAssets.Build.AddressablesDataBuilderInput) (at ./Library/PackageCache/com.unity.addressables@2.7.6/Editor/Settings/AddressableAssetSettings.cs:2994)
UnityEditor.AddressableAssets.Settings.AddressableAssetSettings:BuildPlayerContent (UnityEditor.AddressableAssets.Build.AddressablesPlayerBuildResult&) (at ./Library/PackageCache/com.unity.addressables@2.7.6/Editor/Settings/AddressableAssetSettings.cs:2971)
Editor.AddressablesModExporter:BuildOneGroup (UnityEditor.AddressableAssets.Settings.AddressableAssetSettings,Editor.AddressablesModExporter/ModBuildSpec) (at Assets/Editor/AddressablesModExporter.cs:163)
Editor.AddressablesModExporter:BuildAndExport (System.Collections.Generic.List`1<Editor.AddressablesModExporter/ModBuildSpec>) (at Assets/Editor/AddressablesModExporter.cs:90)
Editor.AddressablesModExporter:BuildFromCommandLine () (at Assets/Editor/AddressablesModExporter.cs:74)

(Filename: ./Library/PackageCache/com.unity.addressables@2.7.6/Editor/Settings/AddressableAssetSettings.cs Line: 3092)

Start importing Assets/AddressableAssetsData/Windows/addressables_content_state.bin using Guid(42a71ad27d001406195bb858dd4fa3db) (DefaultImporter) -> (artifact id: 'e425bc0bb132093cf6e92fd83de7b22e') in 0.665891167 seconds
Refreshing native plugins compatible for Editor in 0.76 ms, found 4 plugins.
Preloading 0 native plugins for Editor in 0.00 ms.
Asset Pipeline Refresh (id=995e135b3901445619f0996e703bce45): Total: 1.106 seconds - Initiated by RefreshV2(NoUpdateAssetOptions)
	Summary:
		Imports: total=1 (actual=1, local cache=0, cache server=0)
		Asset DB Process Time: managed=0 ms, native=1099 ms
		Asset DB Callback time: managed=0 ms, native=5 ms
		Scripting: domain reloads=0, domain reload time=0 ms, compile time=0 ms, other=0 ms
		Project Asset Count: scripts=1571, non-scripts=4177
		Asset File Changes: new=0, changed=1, moved=0, deleted=0
		Scan Filter Count: 1
	InvokeCustomDependenciesCallbacks: 0.001ms
	InvokePackagesCallback: 0.000ms
	ApplyChangesToAssetFolders: 0.166ms
	Scan: 367.541ms
	OnSourceAssetsModified: 0.087ms
	CategorizeAssetsWithTransientArtifact: 0.218ms
	ProcessAssetsWithTransientArtifactChanges: 0.415ms
	CategorizeAssets: 17.264ms
	ImportOutOfDateAssets: 670.927ms (0.229ms without children)
		ImportManagerImport: 669.696ms (0.706ms without children)
			ImportInProcess: 668.965ms
			UpdateCategorizedAssets: 0.025ms
		ReloadNativeAssets: 0.085ms
		UnloadImportedAssets: 0.099ms
		ReloadImportedAssets: 0.000ms
		EnsureUptoDateAssetsAreRegisteredWithGuidPM: 0.560ms
		InitializingProgressBar: 0.008ms
		PostProcessAllAssetNotificationsAddChangedAssets: 0.001ms
		OnDemandSchedulerStart: 0.250ms
	PostProcessAllAssets: 4.764ms
	Hotreload: 1.887ms
	GatherAllCurrentPrimaryArtifactRevisions: 0.837ms
	UnloadStreamsBegin: 0.027ms
	PersistCurrentRevisions: 0.195ms
	UnloadStreamsEnd: 0.001ms
	Untracked: 41.967ms

Start importing Assets/AddressableAssetsData/AssetGroups/BayAreaModpack.asset using Guid(50a8af40925b14ac5b1c753a5199cd83) (NativeFormatImporter) -> (artifact id: '96b45d9056971046e5597e68d78d1da8') in 0.0015415 seconds
Start importing Assets/Settings/URP-Performant.asset using Guid(d0e2fc18fe036412f8223b3b3d9ad574) (NativeFormatImporter) -> (artifact id: '668d287b1016557e1c34aa6a38ecd493') in 0.001237084 seconds
Start importing Assets/Settings/URP-Balanced.asset using Guid(e1260c1148f6143b28bae5ace5e9c5d1) (NativeFormatImporter) -> (artifact id: 'd8b09bf52dbda29a183af1643f2ea5e1') in 0.000915125 seconds
Start importing Assets/AddressableAssetsData/AddressableAssetSettings.asset using Guid(75be54ec8452b4f43b0aa1a3b6238e73) (NativeFormatImporter) -> (artifact id: '1e91f2a2c190ba40f03b76ba0a5dbd19') in 0.001049459 seconds
Start importing Assets/AddressableAssetsData/AssetGroups/Default Local Group.asset using Guid(f5b71b85a798d6f40bb1c3812901e71f) (NativeFormatImporter) -> (artifact id: '3fb6131f0adc14282e8bf3a78a854a52') in 0.001203083 seconds
Start importing Assets/AddressableAssetsData/AssetGroups/LynkMod.asset using Guid(aac5dc43f207f464cbe5c74a47d73199) (NativeFormatImporter) -> (artifact id: '322e5886b2a272def9f1db216c7bdd93') in 0.001116 seconds
Start importing Assets/Settings/URP-HighFidelity.asset using Guid(7b7fd9122c28c4d15b667c7040e3b3fd) (NativeFormatImporter) -> (artifact id: 'd26505e215e95d2dd505bba4dd9fed8b') in 0.001077542 seconds
Start importing Assets/AddressableAssetsData/AssetGroups/FirebotsModpack.asset using Guid(4c877c9eb38bd4d61a1d6891f75d025a) (NativeFormatImporter) -> (artifact id: '0a3d542dcfdd23adb985930affa31056') in 0.001296209 seconds
Start importing Assets/AddressableAssetsData/AssetGroups/MechTechMod.asset using Guid(9cd31e1fc2fdeb84fbde0fabd689577f) (NativeFormatImporter) -> (artifact id: '0ee1ecd84382d752ca495c1d60a2d793') in 0.00086675 seconds
Start importing Assets/AddressableAssetsData/AssetGroups/CitrusCircuitsMod.asset using Guid(bd8f3d30d281e4cafb8c7ec5c3127569) (NativeFormatImporter) -> (artifact id: '4973f540f0dd1b10650c58747c0d2a0f') in 0.000839083 seconds
Refreshing native plugins compatible for Editor in 1.40 ms, found 4 plugins.
Preloading 0 native plugins for Editor in 0.00 ms.
Asset Pipeline Refresh (id=b77ee151d3d02419296961f263945364): Total: 0.050 seconds - Initiated by StopAssetImportingV2(NoUpdateAssetOptions)
Copied catalog file: catalog.json -> /Users/alonrab/dev/workspaces/Mosim/2025/MoSimulator-Public/Mods/CitrusCircuitsMod
UnityEngine.Debug:ExtractStackTraceNoAlloc (byte*,int,string)
UnityEngine.StackTraceUtility:ExtractStackTrace () (at /Users/bokken/build/output/unity/unity/Runtime/Export/Scripting/StackTrace.cs:37)
UnityEngine.DebugLogHandler:Internal_Log (UnityEngine.LogType,UnityEngine.LogOption,string,UnityEngine.Object)
UnityEngine.DebugLogHandler:LogFormat (UnityEngine.LogType,UnityEngine.Object,string,object[])
UnityEngine.Logger:Log (UnityEngine.LogType,object)
UnityEngine.Debug:Log (object)
Editor.AddressablesModExporter:CopyCatalogsAndAssemblies (UnityEditor.AddressableAssets.Settings.AddressableAssetGroup,string) (at Assets/Editor/AddressablesModExporter.cs:233)
Editor.AddressablesModExporter:ExportGroup (UnityEditor.AddressableAssets.Settings.AddressableAssetSettings,string,string,string) (at Assets/Editor/AddressablesModExporter.cs:201)
Editor.AddressablesModExporter:BuildAndExport (System.Collections.Generic.List`1<Editor.AddressablesModExporter/ModBuildSpec>) (at Assets/Editor/AddressablesModExporter.cs:91)
Editor.AddressablesModExporter:BuildFromCommandLine () (at Assets/Editor/AddressablesModExporter.cs:74)

(Filename: Assets/Editor/AddressablesModExporter.cs Line: 233)

Copied catalog file: catalog.hash -> /Users/alonrab/dev/workspaces/Mosim/2025/MoSimulator-Public/Mods/CitrusCircuitsMod
UnityEngine.Debug:ExtractStackTraceNoAlloc (byte*,int,string)
UnityEngine.StackTraceUtility:ExtractStackTrace () (at /Users/bokken/build/output/unity/unity/Runtime/Export/Scripting/StackTrace.cs:37)
UnityEngine.DebugLogHandler:Internal_Log (UnityEngine.LogType,UnityEngine.LogOption,string,UnityEngine.Object)
UnityEngine.DebugLogHandler:LogFormat (UnityEngine.LogType,UnityEngine.Object,string,object[])
UnityEngine.Logger:Log (UnityEngine.LogType,object)
UnityEngine.Debug:Log (object)
Editor.AddressablesModExporter:CopyCatalogsAndAssemblies (UnityEditor.AddressableAssets.Settings.AddressableAssetGroup,string) (at Assets/Editor/AddressablesModExporter.cs:233)
Editor.AddressablesModExporter:ExportGroup (UnityEditor.AddressableAssets.Settings.AddressableAssetSettings,string,string,string) (at Assets/Editor/AddressablesModExporter.cs:201)
Editor.AddressablesModExporter:BuildAndExport (System.Collections.Generic.List`1<Editor.AddressablesModExporter/ModBuildSpec>) (at Assets/Editor/AddressablesModExporter.cs:91)
Editor.AddressablesModExporter:BuildFromCommandLine () (at Assets/Editor/AddressablesModExporter.cs:74)

(Filename: Assets/Editor/AddressablesModExporter.cs Line: 233)

Copied catalog file: settings.json -> /Users/alonrab/dev/workspaces/Mosim/2025/MoSimulator-Public/Mods/CitrusCircuitsMod
UnityEngine.Debug:ExtractStackTraceNoAlloc (byte*,int,string)
UnityEngine.StackTraceUtility:ExtractStackTrace () (at /Users/bokken/build/output/unity/unity/Runtime/Export/Scripting/StackTrace.cs:37)
UnityEngine.DebugLogHandler:Internal_Log (UnityEngine.LogType,UnityEngine.LogOption,string,UnityEngine.Object)
UnityEngine.DebugLogHandler:LogFormat (UnityEngine.LogType,UnityEngine.Object,string,object[])
UnityEngine.Logger:Log (UnityEngine.LogType,object)
UnityEngine.Debug:Log (object)
Editor.AddressablesModExporter:CopyCatalogsAndAssemblies (UnityEditor.AddressableAssets.Settings.AddressableAssetGroup,string) (at Assets/Editor/AddressablesModExporter.cs:233)
Editor.AddressablesModExporter:ExportGroup (UnityEditor.AddressableAssets.Settings.AddressableAssetSettings,string,string,string) (at Assets/Editor/AddressablesModExporter.cs:201)
Editor.AddressablesModExporter:BuildAndExport (System.Collections.Generic.List`1<Editor.AddressablesModExporter/ModBuildSpec>) (at Assets/Editor/AddressablesModExporter.cs:91)
Editor.AddressablesModExporter:BuildFromCommandLine () (at Assets/Editor/AddressablesModExporter.cs:74)

(Filename: Assets/Editor/AddressablesModExporter.cs Line: 233)

Copied builtin bundle: 7541a711d7ec2a9d036c71ee3c6a5c1a_unitybuiltinassets_4c70671e833a9b3d317bad212fbc3b3a.bundle -> /Users/alonrab/dev/workspaces/Mosim/2025/MoSimulator-Public/Mods/CitrusCircuitsMod
UnityEngine.Debug:ExtractStackTraceNoAlloc (byte*,int,string)
UnityEngine.StackTraceUtility:ExtractStackTrace () (at /Users/bokken/build/output/unity/unity/Runtime/Export/Scripting/StackTrace.cs:37)
UnityEngine.DebugLogHandler:Internal_Log (UnityEngine.LogType,UnityEngine.LogOption,string,UnityEngine.Object)
UnityEngine.DebugLogHandler:LogFormat (UnityEngine.LogType,UnityEngine.Object,string,object[])
UnityEngine.Logger:Log (UnityEngine.LogType,object)
UnityEngine.Debug:Log (object)
Editor.AddressablesModExporter:CopyCatalogsAndAssemblies (UnityEditor.AddressableAssets.Settings.AddressableAssetGroup,string) (at Assets/Editor/AddressablesModExporter.cs:258)
Editor.AddressablesModExporter:ExportGroup (UnityEditor.AddressableAssets.Settings.AddressableAssetSettings,string,string,string) (at Assets/Editor/AddressablesModExporter.cs:201)
Editor.AddressablesModExporter:BuildAndExport (System.Collections.Generic.List`1<Editor.AddressablesModExporter/ModBuildSpec>) (at Assets/Editor/AddressablesModExporter.cs:91)
Editor.AddressablesModExporter:BuildFromCommandLine () (at Assets/Editor/AddressablesModExporter.cs:74)

(Filename: Assets/Editor/AddressablesModExporter.cs Line: 258)

AddressablesModExporter: Rewrote catalog.json builtin runtime paths to {UnityEngine.Application.persistentDataPath}\\Mods\\CitrusCircuitsMod\\
UnityEngine.Debug:ExtractStackTraceNoAlloc (byte*,int,string)
UnityEngine.StackTraceUtility:ExtractStackTrace () (at /Users/bokken/build/output/unity/unity/Runtime/Export/Scripting/StackTrace.cs:37)
UnityEngine.DebugLogHandler:Internal_Log (UnityEngine.LogType,UnityEngine.LogOption,string,UnityEngine.Object)
UnityEngine.DebugLogHandler:LogFormat (UnityEngine.LogType,UnityEngine.Object,string,object[])
UnityEngine.Logger:Log (UnityEngine.LogType,object)
UnityEngine.Debug:Log (object)
Editor.AddressablesModExporter:CopyCatalogsAndAssemblies (UnityEditor.AddressableAssets.Settings.AddressableAssetGroup,string) (at Assets/Editor/AddressablesModExporter.cs:281)
Editor.AddressablesModExporter:ExportGroup (UnityEditor.AddressableAssets.Settings.AddressableAssetSettings,string,string,string) (at Assets/Editor/AddressablesModExporter.cs:201)
Editor.AddressablesModExporter:BuildAndExport (System.Collections.Generic.List`1<Editor.AddressablesModExporter/ModBuildSpec>) (at Assets/Editor/AddressablesModExporter.cs:91)
Editor.AddressablesModExporter:BuildFromCommandLine () (at Assets/Editor/AddressablesModExporter.cs:74)

(Filename: Assets/Editor/AddressablesModExporter.cs Line: 281)

Copied mod assembly: CitrusCircuits.dll -> /Users/alonrab/dev/workspaces/Mosim/2025/MoSimulator-Public/Mods/CitrusCircuitsMod
UnityEngine.Debug:ExtractStackTraceNoAlloc (byte*,int,string)
UnityEngine.StackTraceUtility:ExtractStackTrace () (at /Users/bokken/build/output/unity/unity/Runtime/Export/Scripting/StackTrace.cs:37)
UnityEngine.DebugLogHandler:Internal_Log (UnityEngine.LogType,UnityEngine.LogOption,string,UnityEngine.Object)
UnityEngine.DebugLogHandler:LogFormat (UnityEngine.LogType,UnityEngine.Object,string,object[])
UnityEngine.Logger:Log (UnityEngine.LogType,object)
UnityEngine.Debug:Log (object)
Editor.AddressablesModExporter:CopyCatalogsAndAssemblies (UnityEditor.AddressableAssets.Settings.AddressableAssetGroup,string) (at Assets/Editor/AddressablesModExporter.cs:346)
Editor.AddressablesModExporter:ExportGroup (UnityEditor.AddressableAssets.Settings.AddressableAssetSettings,string,string,string) (at Assets/Editor/AddressablesModExporter.cs:201)
Editor.AddressablesModExporter:BuildAndExport (System.Collections.Generic.List`1<Editor.AddressablesModExporter/ModBuildSpec>) (at Assets/Editor/AddressablesModExporter.cs:91)
Editor.AddressablesModExporter:BuildFromCommandLine () (at Assets/Editor/AddressablesModExporter.cs:74)

(Filename: Assets/Editor/AddressablesModExporter.cs Line: 346)

Zipped mod folder to /Users/alonrab/dev/workspaces/Mosim/2025/MoSimulator-Public/Mods/CitrusCircuitsMod v1.0.0 Windows.zip
UnityEngine.Debug:ExtractStackTraceNoAlloc (byte*,int,string)
UnityEngine.StackTraceUtility:ExtractStackTrace () (at /Users/bokken/build/output/unity/unity/Runtime/Export/Scripting/StackTrace.cs:37)
UnityEngine.DebugLogHandler:Internal_Log (UnityEngine.LogType,UnityEngine.LogOption,string,UnityEngine.Object)
UnityEngine.DebugLogHandler:LogFormat (UnityEngine.LogType,UnityEngine.Object,string,object[])
UnityEngine.Logger:Log (UnityEngine.LogType,object)
UnityEngine.Debug:Log (object)
Editor.AddressablesModExporter:ZipAndCleanup (string,string,string,string,string) (at Assets/Editor/AddressablesModExporter.cs:408)
Editor.AddressablesModExporter:ExportGroup (UnityEditor.AddressableAssets.Settings.AddressableAssetSettings,string,string,string) (at Assets/Editor/AddressablesModExporter.cs:204)
Editor.AddressablesModExporter:BuildAndExport (System.Collections.Generic.List`1<Editor.AddressablesModExporter/ModBuildSpec>) (at Assets/Editor/AddressablesModExporter.cs:91)
Editor.AddressablesModExporter:BuildFromCommandLine () (at Assets/Editor/AddressablesModExporter.cs:74)

(Filename: Assets/Editor/AddressablesModExporter.cs Line: 408)

Build and export complete.
UnityEngine.Debug:ExtractStackTraceNoAlloc (byte*,int,string)
UnityEngine.StackTraceUtility:ExtractStackTrace () (at /Users/bokken/build/output/unity/unity/Runtime/Export/Scripting/StackTrace.cs:37)
UnityEngine.DebugLogHandler:Internal_Log (UnityEngine.LogType,UnityEngine.LogOption,string,UnityEngine.Object)
UnityEngine.DebugLogHandler:LogFormat (UnityEngine.LogType,UnityEngine.Object,string,object[])
UnityEngine.Logger:Log (UnityEngine.LogType,object)
UnityEngine.Debug:Log (object)
Editor.AddressablesModExporter:BuildAndExport (System.Collections.Generic.List`1<Editor.AddressablesModExporter/ModBuildSpec>) (at Assets/Editor/AddressablesModExporter.cs:94)
Editor.AddressablesModExporter:BuildFromCommandLine () (at Assets/Editor/AddressablesModExporter.cs:74)

(Filename: Assets/Editor/AddressablesModExporter.cs Line: 94)

Thread 0x16fa97000 may have been prematurely finalized
Clearing [Capsmall_clean SDF] dynamic font asset data.
UnityEngine.Debug:ExtractStackTraceNoAlloc (byte*,int,string)
UnityEngine.StackTraceUtility:ExtractStackTrace () (at /Users/bokken/build/output/unity/unity/Runtime/Export/Scripting/StackTrace.cs:37)
UnityEngine.DebugLogHandler:Internal_Log (UnityEngine.LogType,UnityEngine.LogOption,string,UnityEngine.Object)
UnityEngine.DebugLogHandler:LogFormat (UnityEngine.LogType,UnityEngine.Object,string,object[])
UnityEngine.Logger:Log (UnityEngine.LogType,object)
UnityEngine.Debug:Log (object)
TMPro.EditorEventCallbacks/<>c:<InitializeFontAssetResourceChangeCallBacks>b__0_0 () (at ./Library/PackageCache/com.unity.ugui@2.0.0/Editor/TMP/TMP_EditorResourceManager.cs:36)
UnityEditor.EditorApplication:Internal_EditorApplicationQuit () (at /Users/bokken/build/output/unity/unity/Editor/Mono/EditorApplication.cs:120)
Editor.AddressablesModExporter:BuildAndExport (System.Collections.Generic.List`1<Editor.AddressablesModExporter/ModBuildSpec>) (at Assets/Editor/AddressablesModExporter.cs:97)
Editor.AddressablesModExporter:BuildFromCommandLine () (at Assets/Editor/AddressablesModExporter.cs:74)

(Filename: ./Library/PackageCache/com.unity.ugui@2.0.0/Editor/TMP/TMP_EditorResourceManager.cs Line: 36)

Clearing [Kardust TS Condensed Bold Italic SDF] dynamic font asset data.
UnityEngine.Debug:ExtractStackTraceNoAlloc (byte*,int,string)
UnityEngine.StackTraceUtility:ExtractStackTrace () (at /Users/bokken/build/output/unity/unity/Runtime/Export/Scripting/StackTrace.cs:37)
UnityEngine.DebugLogHandler:Internal_Log (UnityEngine.LogType,UnityEngine.LogOption,string,UnityEngine.Object)
UnityEngine.DebugLogHandler:LogFormat (UnityEngine.LogType,UnityEngine.Object,string,object[])
UnityEngine.Logger:Log (UnityEngine.LogType,object)
UnityEngine.Debug:Log (object)
TMPro.EditorEventCallbacks/<>c:<InitializeFontAssetResourceChangeCallBacks>b__0_0 () (at ./Library/PackageCache/com.unity.ugui@2.0.0/Editor/TMP/TMP_EditorResourceManager.cs:36)
UnityEditor.EditorApplication:Internal_EditorApplicationQuit () (at /Users/bokken/build/output/unity/unity/Editor/Mono/EditorApplication.cs:120)
Editor.AddressablesModExporter:BuildAndExport (System.Collections.Generic.List`1<Editor.AddressablesModExporter/ModBuildSpec>) (at Assets/Editor/AddressablesModExporter.cs:97)
Editor.AddressablesModExporter:BuildFromCommandLine () (at Assets/Editor/AddressablesModExporter.cs:74)

(Filename: ./Library/PackageCache/com.unity.ugui@2.0.0/Editor/TMP/TMP_EditorResourceManager.cs Line: 36)

Clearing [Megahertz In Regular SDF] dynamic font asset data.
UnityEngine.Debug:ExtractStackTraceNoAlloc (byte*,int,string)
UnityEngine.StackTraceUtility:ExtractStackTrace () (at /Users/bokken/build/output/unity/unity/Runtime/Export/Scripting/StackTrace.cs:37)
UnityEngine.DebugLogHandler:Internal_Log (UnityEngine.LogType,UnityEngine.LogOption,string,UnityEngine.Object)
UnityEngine.DebugLogHandler:LogFormat (UnityEngine.LogType,UnityEngine.Object,string,object[])
UnityEngine.Logger:Log (UnityEngine.LogType,object)
UnityEngine.Debug:Log (object)
TMPro.EditorEventCallbacks/<>c:<InitializeFontAssetResourceChangeCallBacks>b__0_0 () (at ./Library/PackageCache/com.unity.ugui@2.0.0/Editor/TMP/TMP_EditorResourceManager.cs:36)
UnityEditor.EditorApplication:Internal_EditorApplicationQuit () (at /Users/bokken/build/output/unity/unity/Editor/Mono/EditorApplication.cs:120)
Editor.AddressablesModExporter:BuildAndExport (System.Collections.Generic.List`1<Editor.AddressablesModExporter/ModBuildSpec>) (at Assets/Editor/AddressablesModExporter.cs:97)
Editor.AddressablesModExporter:BuildFromCommandLine () (at Assets/Editor/AddressablesModExporter.cs:74)

(Filename: ./Library/PackageCache/com.unity.ugui@2.0.0/Editor/TMP/TMP_EditorResourceManager.cs Line: 36)

Clearing [Anton SDF] dynamic font asset data.
UnityEngine.Debug:ExtractStackTraceNoAlloc (byte*,int,string)
UnityEngine.StackTraceUtility:ExtractStackTrace () (at /Users/bokken/build/output/unity/unity/Runtime/Export/Scripting/StackTrace.cs:37)
UnityEngine.DebugLogHandler:Internal_Log (UnityEngine.LogType,UnityEngine.LogOption,string,UnityEngine.Object)
UnityEngine.DebugLogHandler:LogFormat (UnityEngine.LogType,UnityEngine.Object,string,object[])
UnityEngine.Logger:Log (UnityEngine.LogType,object)
UnityEngine.Debug:Log (object)
TMPro.EditorEventCallbacks/<>c:<InitializeFontAssetResourceChangeCallBacks>b__0_0 () (at ./Library/PackageCache/com.unity.ugui@2.0.0/Editor/TMP/TMP_EditorResourceManager.cs:36)
UnityEditor.EditorApplication:Internal_EditorApplicationQuit () (at /Users/bokken/build/output/unity/unity/Editor/Mono/EditorApplication.cs:120)
Editor.AddressablesModExporter:BuildAndExport (System.Collections.Generic.List`1<Editor.AddressablesModExporter/ModBuildSpec>) (at Assets/Editor/AddressablesModExporter.cs:97)
Editor.AddressablesModExporter:BuildFromCommandLine () (at Assets/Editor/AddressablesModExporter.cs:74)

(Filename: ./Library/PackageCache/com.unity.ugui@2.0.0/Editor/TMP/TMP_EditorResourceManager.cs Line: 36)

Clearing [Bangers SDF] dynamic font asset data.
UnityEngine.Debug:ExtractStackTraceNoAlloc (byte*,int,string)
UnityEngine.StackTraceUtility:ExtractStackTrace () (at /Users/bokken/build/output/unity/unity/Runtime/Export/Scripting/StackTrace.cs:37)
UnityEngine.DebugLogHandler:Internal_Log (UnityEngine.LogType,UnityEngine.LogOption,string,UnityEngine.Object)
UnityEngine.DebugLogHandler:LogFormat (UnityEngine.LogType,UnityEngine.Object,string,object[])
UnityEngine.Logger:Log (UnityEngine.LogType,object)
UnityEngine.Debug:Log (object)
TMPro.EditorEventCallbacks/<>c:<InitializeFontAssetResourceChangeCallBacks>b__0_0 () (at ./Library/PackageCache/com.unity.ugui@2.0.0/Editor/TMP/TMP_EditorResourceManager.cs:36)
UnityEditor.EditorApplication:Internal_EditorApplicationQuit () (at /Users/bokken/build/output/unity/unity/Editor/Mono/EditorApplication.cs:120)
Editor.AddressablesModExporter:BuildAndExport (System.Collections.Generic.List`1<Editor.AddressablesModExporter/ModBuildSpec>) (at Assets/Editor/AddressablesModExporter.cs:97)
Editor.AddressablesModExporter:BuildFromCommandLine () (at Assets/Editor/AddressablesModExporter.cs:74)

(Filename: ./Library/PackageCache/com.unity.ugui@2.0.0/Editor/TMP/TMP_EditorResourceManager.cs Line: 36)

Clearing [Electronic Highway Sign SDF] dynamic font asset data.
UnityEngine.Debug:ExtractStackTraceNoAlloc (byte*,int,string)
UnityEngine.StackTraceUtility:ExtractStackTrace () (at /Users/bokken/build/output/unity/unity/Runtime/Export/Scripting/StackTrace.cs:37)
UnityEngine.DebugLogHandler:Internal_Log (UnityEngine.LogType,UnityEngine.LogOption,string,UnityEngine.Object)
UnityEngine.DebugLogHandler:LogFormat (UnityEngine.LogType,UnityEngine.Object,string,object[])
UnityEngine.Logger:Log (UnityEngine.LogType,object)
UnityEngine.Debug:Log (object)
TMPro.EditorEventCallbacks/<>c:<InitializeFontAssetResourceChangeCallBacks>b__0_0 () (at ./Library/PackageCache/com.unity.ugui@2.0.0/Editor/TMP/TMP_EditorResourceManager.cs:36)
UnityEditor.EditorApplication:Internal_EditorApplicationQuit () (at /Users/bokken/build/output/unity/unity/Editor/Mono/EditorApplication.cs:120)
Editor.AddressablesModExporter:BuildAndExport (System.Collections.Generic.List`1<Editor.AddressablesModExporter/ModBuildSpec>) (at Assets/Editor/AddressablesModExporter.cs:97)
Editor.AddressablesModExporter:BuildFromCommandLine () (at Assets/Editor/AddressablesModExporter.cs:74)

(Filename: ./Library/PackageCache/com.unity.ugui@2.0.0/Editor/TMP/TMP_EditorResourceManager.cs Line: 36)

Clearing [Oswald Bold SDF] dynamic font asset data.
UnityEngine.Debug:ExtractStackTraceNoAlloc (byte*,int,string)
UnityEngine.StackTraceUtility:ExtractStackTrace () (at /Users/bokken/build/output/unity/unity/Runtime/Export/Scripting/StackTrace.cs:37)
UnityEngine.DebugLogHandler:Internal_Log (UnityEngine.LogType,UnityEngine.LogOption,string,UnityEngine.Object)
UnityEngine.DebugLogHandler:LogFormat (UnityEngine.LogType,UnityEngine.Object,string,object[])
UnityEngine.Logger:Log (UnityEngine.LogType,object)
UnityEngine.Debug:Log (object)
TMPro.EditorEventCallbacks/<>c:<InitializeFontAssetResourceChangeCallBacks>b__0_0 () (at ./Library/PackageCache/com.unity.ugui@2.0.0/Editor/TMP/TMP_EditorResourceManager.cs:36)
UnityEditor.EditorApplication:Internal_EditorApplicationQuit () (at /Users/bokken/build/output/unity/unity/Editor/Mono/EditorApplication.cs:120)
Editor.AddressablesModExporter:BuildAndExport (System.Collections.Generic.List`1<Editor.AddressablesModExporter/ModBuildSpec>) (at Assets/Editor/AddressablesModExporter.cs:97)
Editor.AddressablesModExporter:BuildFromCommandLine () (at Assets/Editor/AddressablesModExporter.cs:74)

(Filename: ./Library/PackageCache/com.unity.ugui@2.0.0/Editor/TMP/TMP_EditorResourceManager.cs Line: 36)

Clearing [Roboto-Bold SDF] dynamic font asset data.
UnityEngine.Debug:ExtractStackTraceNoAlloc (byte*,int,string)
UnityEngine.StackTraceUtility:ExtractStackTrace () (at /Users/bokken/build/output/unity/unity/Runtime/Export/Scripting/StackTrace.cs:37)
UnityEngine.DebugLogHandler:Internal_Log (UnityEngine.LogType,UnityEngine.LogOption,string,UnityEngine.Object)
UnityEngine.DebugLogHandler:LogFormat (UnityEngine.LogType,UnityEngine.Object,string,object[])
UnityEngine.Logger:Log (UnityEngine.LogType,object)
UnityEngine.Debug:Log (object)
TMPro.EditorEventCallbacks/<>c:<InitializeFontAssetResourceChangeCallBacks>b__0_0 () (at ./Library/PackageCache/com.unity.ugui@2.0.0/Editor/TMP/TMP_EditorResourceManager.cs:36)
UnityEditor.EditorApplication:Internal_EditorApplicationQuit () (at /Users/bokken/build/output/unity/unity/Editor/Mono/EditorApplication.cs:120)
Editor.AddressablesModExporter:BuildAndExport (System.Collections.Generic.List`1<Editor.AddressablesModExporter/ModBuildSpec>) (at Assets/Editor/AddressablesModExporter.cs:97)
Editor.AddressablesModExporter:BuildFromCommandLine () (at Assets/Editor/AddressablesModExporter.cs:74)

(Filename: ./Library/PackageCache/com.unity.ugui@2.0.0/Editor/TMP/TMP_EditorResourceManager.cs Line: 36)

Clearing [Orbitron-VariableFont_wght SDF] dynamic font asset data.
UnityEngine.Debug:ExtractStackTraceNoAlloc (byte*,int,string)
UnityEngine.StackTraceUtility:ExtractStackTrace () (at /Users/bokken/build/output/unity/unity/Runtime/Export/Scripting/StackTrace.cs:37)
UnityEngine.DebugLogHandler:Internal_Log (UnityEngine.LogType,UnityEngine.LogOption,string,UnityEngine.Object)
UnityEngine.DebugLogHandler:LogFormat (UnityEngine.LogType,UnityEngine.Object,string,object[])
UnityEngine.Logger:Log (UnityEngine.LogType,object)
UnityEngine.Debug:Log (object)
TMPro.EditorEventCallbacks/<>c:<InitializeFontAssetResourceChangeCallBacks>b__0_0 () (at ./Library/PackageCache/com.unity.ugui@2.0.0/Editor/TMP/TMP_EditorResourceManager.cs:36)
UnityEditor.EditorApplication:Internal_EditorApplicationQuit () (at /Users/bokken/build/output/unity/unity/Editor/Mono/EditorApplication.cs:120)
Editor.AddressablesModExporter:BuildAndExport (System.Collections.Generic.List`1<Editor.AddressablesModExporter/ModBuildSpec>) (at Assets/Editor/AddressablesModExporter.cs:97)
Editor.AddressablesModExporter:BuildFromCommandLine () (at Assets/Editor/AddressablesModExporter.cs:74)

(Filename: ./Library/PackageCache/com.unity.ugui@2.0.0/Editor/TMP/TMP_EditorResourceManager.cs Line: 36)

Clearing [Orbitron_Main_Menu] dynamic font asset data.
UnityEngine.Debug:ExtractStackTraceNoAlloc (byte*,int,string)
UnityEngine.StackTraceUtility:ExtractStackTrace () (at /Users/bokken/build/output/unity/unity/Runtime/Export/Scripting/StackTrace.cs:37)
UnityEngine.DebugLogHandler:Internal_Log (UnityEngine.LogType,UnityEngine.LogOption,string,UnityEngine.Object)
UnityEngine.DebugLogHandler:LogFormat (UnityEngine.LogType,UnityEngine.Object,string,object[])
UnityEngine.Logger:Log (UnityEngine.LogType,object)
UnityEngine.Debug:Log (object)
TMPro.EditorEventCallbacks/<>c:<InitializeFontAssetResourceChangeCallBacks>b__0_0 () (at ./Library/PackageCache/com.unity.ugui@2.0.0/Editor/TMP/TMP_EditorResourceManager.cs:36)
UnityEditor.EditorApplication:Internal_EditorApplicationQuit () (at /Users/bokken/build/output/unity/unity/Editor/Mono/EditorApplication.cs:120)
Editor.AddressablesModExporter:BuildAndExport (System.Collections.Generic.List`1<Editor.AddressablesModExporter/ModBuildSpec>) (at Assets/Editor/AddressablesModExporter.cs:97)
Editor.AddressablesModExporter:BuildFromCommandLine () (at Assets/Editor/AddressablesModExporter.cs:74)

(Filename: ./Library/PackageCache/com.unity.ugui@2.0.0/Editor/TMP/TMP_EditorResourceManager.cs Line: 36)

Clearing [LiberationSans SDF - Fallback] dynamic font asset data.
UnityEngine.Debug:ExtractStackTraceNoAlloc (byte*,int,string)
UnityEngine.StackTraceUtility:ExtractStackTrace () (at /Users/bokken/build/output/unity/unity/Runtime/Export/Scripting/StackTrace.cs:37)
UnityEngine.DebugLogHandler:Internal_Log (UnityEngine.LogType,UnityEngine.LogOption,string,UnityEngine.Object)
UnityEngine.DebugLogHandler:LogFormat (UnityEngine.LogType,UnityEngine.Object,string,object[])
UnityEngine.Logger:Log (UnityEngine.LogType,object)
UnityEngine.Debug:Log (object)
TMPro.EditorEventCallbacks/<>c:<InitializeFontAssetResourceChangeCallBacks>b__0_0 () (at ./Library/PackageCache/com.unity.ugui@2.0.0/Editor/TMP/TMP_EditorResourceManager.cs:36)
UnityEditor.EditorApplication:Internal_EditorApplicationQuit () (at /Users/bokken/build/output/unity/unity/Editor/Mono/EditorApplication.cs:120)
Editor.AddressablesModExporter:BuildAndExport (System.Collections.Generic.List`1<Editor.AddressablesModExporter/ModBuildSpec>) (at Assets/Editor/AddressablesModExporter.cs:97)
Editor.AddressablesModExporter:BuildFromCommandLine () (at Assets/Editor/AddressablesModExporter.cs:74)

(Filename: ./Library/PackageCache/com.unity.ugui@2.0.0/Editor/TMP/TMP_EditorResourceManager.cs Line: 36)

Start importing Assets/TextMesh Pro/Examples & Extras/Resources/Fonts & Materials/Oswald Bold SDF.asset using Guid(0161d805a3764c089bef00bfe00793f5) (NativeFormatImporter) -> (artifact id: '348de689bcc745ba676697713fb58295') in 0.002625292 seconds
Start importing Assets/Imports/Fonts/Capsmall_clean SDF.asset using Guid(c141e5e7e416b4457b94bb3cc200fe87) (NativeFormatImporter) -> (artifact id: 'afb3ac057cda17b14a616d1f33548e53') in 0.001064083 seconds
Start importing Assets/TextMesh Pro/Examples & Extras/Resources/Fonts & Materials/Bangers SDF.asset using Guid(125cb55b44b24c4393181402bc6200e6) (NativeFormatImporter) -> (artifact id: '0c96d555ed6cb965cb7d9420f2040e0a') in 0.00286125 seconds
Start importing Assets/TextMesh Pro/Examples & Extras/Resources/Fonts & Materials/Roboto-Bold SDF.asset using Guid(5302535af1044152a457ed104f1f4b91) (NativeFormatImporter) -> (artifact id: '608ef5949342170012daec043acec1d0') in 0.002163458 seconds
Start importing Assets/Imports/Fonts/Kardust TS Condensed Bold Italic SDF.asset using Guid(44e19a5c696205449a28e60897197379) (NativeFormatImporter) -> (artifact id: '42c0d2eca4f1c5e178f65767be423b50') in 0.001027791 seconds
Start importing Assets/Imports/Fonts/Megahertz In Regular SDF.asset using Guid(e454897a0fcfdbd42a554ba94c2302ae) (NativeFormatImporter) -> (artifact id: '898985f979b565d5e8bc3ebf3e4f2fdf') in 0.001049875 seconds
Start importing Assets/TextMesh Pro/Fonts/Orbitron-VariableFont_wght SDF.asset using Guid(384bb11c1fa15014591838a6229e947c) (NativeFormatImporter) -> (artifact id: '639aa93d27d95b28f388a0e50891a4cf') in 0.001579208 seconds
Start importing Assets/TextMesh Pro/Fonts/Orbitron_Main_Menu.asset using Guid(a9aeab6d3f84ed54f96da6ae0b36e175) (NativeFormatImporter) -> (artifact id: '2d5f7fa6d67c033844398eae2646384b') in 0.001529125 seconds
Start importing Assets/TextMesh Pro/Examples & Extras/Resources/Fonts & Materials/Anton SDF.asset using Guid(8a89fa14b10d46a99122fd4f73fca9a2) (NativeFormatImporter) -> (artifact id: 'a87692139d087bdc2c8b17a72b0479e0') in 0.001009667 seconds
Start importing Assets/TextMesh Pro/Examples & Extras/Resources/Fonts & Materials/Electronic Highway Sign SDF.asset using Guid(dc36b3fdc14f47ebb36fd484a67e268a) (NativeFormatImporter) -> (artifact id: '3327bd87b8e34626de2a6cd3e364f11f') in 0.00101975 seconds
Start importing Assets/TextMesh Pro/Resources/Fonts & Materials/LiberationSans SDF - Fallback.asset using Guid(2e498d1c8094910479dc3e1b768306a4) (NativeFormatImporter) -> (artifact id: '58220e5b8fc9561f358a9b8c0f5b9d16') in 0.000812125 seconds
Refreshing native plugins compatible for Editor in 0.83 ms, found 4 plugins.
Preloading 0 native plugins for Editor in 0.00 ms.
Asset Pipeline Refresh (id=6bce9fef0113542868b4fd86b81d5c38): Total: 0.057 seconds - Initiated by StopAssetImportingV2(NoUpdateAssetOptions)
Thread 0x1701b3000 may have been prematurely finalized
[Licensing::IpcConnector] License Notification channel disconnected successfully.
[Licensing::IpcConnector] License Client channel disconnected successfully.
Thread 0x170843000 may have been prematurely finalized
Thread 0x1708cf000 may have been prematurely finalized
Thread 0x1707b7000 may have been prematurely finalized
AcceleratorClientConnectionCallback - disconnected - :0
[40m[32minfo[39m[22m[49m: Microsoft.Hosting.Lifetime[0]
      Application is shutting down...
Cleanup mono
[40m[32minfo[39m[22m[49m: Unity.ILPP.Runner.PostProcessingAssemblyLoadContext[0]
      ALC ILPP context 3 is unloading
18:12:44.055 |V| RiderPlugin                    | :1                             | AppDomain.CurrentDomain.DomainUnload lifetimeDefinition.Terminate
debugger-agent: Unable to listen on 44
[Performance] Application.InitializeProject                                                                                  :        1 samples, Peak.  16.3 s (1.0x), Avg.  16.3 s, Total. 16.28 s (26.7%)
[Performance] Application.PackageManager.StartServer                                                                         :        1 samples, Peak.  3.08 ms (1.0x), Avg.  3.08 ms, Total. 3.082 ms (0.0%)
[Performance] Application.AcquireProjectLock                                                                                 :        1 samples, Peak.  10.7 ms (1.0x), Avg.  10.7 ms, Total. 10.67 ms (0.0%)
[Performance] Application.InitializeEngineNoGraphics                                                                         :        1 samples, Peak.   112 ms (1.0x), Avg.   112 ms, Total. 111.7 ms (0.2%)
[Performance] Application.PackageManager.Initialize                                                                          :        1 samples, Peak.  1.52 s (1.0x), Avg.  1.52 s, Total. 1.520 s (2.5%)
[Performance] Connecting to Package Manager                                                                                  :      153 samples, Peak.  78.8 us (43.8x), Avg.  1.80 us, Total. 275.5 us (0.0%)
[Performance] Application.EngineGraphics.Initialize                                                                          :        1 samples, Peak.   103 ms (1.0x), Avg.   103 ms, Total. 103.5 ms (0.2%)
[Performance] Application.GI.Initialize                                                                                      :        1 samples, Peak.   620 us (1.0x), Avg.   620 us, Total. 619.7 us (0.0%)
[Performance] Application.LoadAllDefaultResourcesFromEditor                                                                  :        1 samples, Peak.  1.18 ms (1.0x), Avg.  1.18 ms, Total. 1.184 ms (0.0%)
[Performance] Application.LoadMonoAssemblies                                                                                 :        1 samples, Peak.   592 ms (1.0x), Avg.   592 ms, Total. 592.1 ms (1.0%)
[Performance] RestoreManagedReferences                                                                                       :        2 samples, Peak.  59.9 ms (2.0x), Avg.  29.9 ms, Total. 59.88 ms (0.1%)
[Performance] AssemblyReloadEvents.afterAssemblyReload: UnityEditor.SceneTemplate.SceneTemplateService.AfterAssemblyReload   :        2 samples, Peak.  6.03 ms (1.8x), Avg.  3.28 ms, Total. 6.569 ms (0.0%)
[Performance] ProcessService.EditorAfterLoadAllAssemblies                                                                    :        2 samples, Peak.   366 us (1.2x), Avg.   312 us, Total. 623.2 us (0.0%)
[Performance] Application.ReadLicenseInfo                                                                                    :        1 samples, Peak.  12.3 ms (1.0x), Avg.  12.3 ms, Total. 12.29 ms (0.0%)
[Performance] Application.InitialRefresh                                                                                     :        1 samples, Peak.  12.9 s (1.0x), Avg.  12.9 s, Total. 12.94 s (21.2%)
[Performance] AssetDatabase.InitialRefresh                                                                                   :        1 samples, Peak.  12.9 s (1.0x), Avg.  12.9 s, Total. 12.94 s (21.2%)
[Performance] Compiling Scripts                                                                                              :        1 samples, Peak.  1.34 s (1.0x), Avg.  1.34 s, Total. 1.344 s (2.2%)
[Performance] AssemblyReloadEvents.beforeAssemblyReload: UnityEditor.SceneTemplate.SceneTemplateService.BeforeAssemblyReload :        1 samples, Peak.   508 us (1.0x), Avg.   508 us, Total. 507.8 us (0.0%)
[Performance] EditorResources.Load                                                                                           :       20 samples, Peak.  48.5 ms (18.8x), Avg.  2.58 ms, Total. 51.64 ms (0.1%)
[Performance] DidReloadScriptsTestRunnerWindow.CompilationCallback                                                           :        1 samples, Peak.   202 us (1.0x), Avg.   202 us, Total. 202.0 us (0.0%)
[Performance] DidReloadScriptsTestListCache.ScriptReloaded                                                                   :        1 samples, Peak.   982 us (1.0x), Avg.   982 us, Total. 982.3 us (0.0%)
[Performance] DidReloadScriptsLookDev.OnEditorReload                                                                         :        1 samples, Peak.   181 us (1.0x), Avg.   181 us, Total. 180.8 us (0.0%)
[Performance] DidReloadScriptsDebugWindow.OnEditorReload                                                                     :        1 samples, Peak.  4.82 ms (1.0x), Avg.  4.82 ms, Total. 4.823 ms (0.0%)
[Performance] DidReloadScriptsVolumeComponentEditor.OnEditorReload                                                           :        1 samples, Peak.  16.1 ms (1.0x), Avg.  16.1 ms, Total. 16.12 ms (0.0%)
[Performance] DidReloadScriptsAdvancedDropdownWindow.OnScriptReload                                                          :        2 samples, Peak.   218 us (1.3x), Avg.   174 us, Total. 347.1 us (0.0%)
[Performance] DidReloadScriptsCinemachineVirtualCameraBase.OnScriptReload                                                    :        1 samples, Peak.  68.8 us (1.0x), Avg.  68.8 us, Total. 68.83 us (0.0%)
[Performance] DidReloadScriptsCinemachineExtension.OnScriptReload                                                            :        1 samples, Peak.   303 us (1.0x), Avg.   303 us, Total. 303.3 us (0.0%)
[Performance] DidReloadScriptsEditorMenuExtensions.FindAndCloseAllContextMenus                                               :        1 samples, Peak.  5.95 ms (1.0x), Avg.  5.95 ms, Total. 5.953 ms (0.0%)
[Performance] PresetManagerPostProcessor.OnPreprocessAsset                                                                   :       81 samples, Peak.   505 us (19.3x), Avg.  26.2 us, Total. 2.123 ms (0.0%)
[Performance] CancelSplashScreenOnAssetChange.OnPreprocessAsset                                                              :       81 samples, Peak.   275 us (43.0x), Avg.  6.39 us, Total. 517.2 us (0.0%)
[Performance] ShaderGraphAssetPostProcessor.OnPreprocessAsset                                                                :       81 samples, Peak.   111 us (15.6x), Avg.  7.10 us, Total. 575.5 us (0.0%)
[Performance] EditorApplication.projectChanged: UnityEditor.Audio.MixerEffectDefinitionReloader.OnProjectChanged             :        1 samples, Peak.   479 us (1.0x), Avg.   479 us, Total. 478.6 us (0.0%)
[Performance] EditorApplication.projectChanged: UnityEngine.InputSystem.LowLevel.NativeInputRuntime.OnProjectChanged         :        1 samples, Peak.   245 us (1.0x), Avg.   245 us, Total. 245.0 us (0.0%)
[Performance] AssetDatabase.ImportAssets                                                                                     :       11 samples, Peak.  81.0 ms (4.7x), Avg.  17.2 ms, Total. 189.0 ms (0.3%)
[Performance] VersionControl.Task.Wait                                                                                       :        1 samples, Peak.   240 us (1.0x), Avg.   240 us, Total. 240.2 us (0.0%)
[Performance] SamplePostprocessor.OnPostprocessAllAssets                                                                     :       30 samples, Peak.   221 us (7.8x), Avg.  28.4 us, Total. 850.9 us (0.0%)
[Performance] TMPro_TexturePostProcessor.OnPostprocessAllAssets                                                              :       10 samples, Peak.   466 us (1.6x), Avg.   294 us, Total. 2.936 ms (0.0%)
[Performance] CinemachineSettings.OnPostprocessAllAssets                                                                     :       10 samples, Peak.   226 us (4.7x), Avg.  48.0 us, Total. 479.9 us (0.0%)
[Performance] WindowAssetPostprocessingWatcher_Internal.OnPostprocessAllAssets                                               :       10 samples, Peak.  1.30 ms (3.6x), Avg.   360 us, Total. 3.603 ms (0.0%)
[Performance] AssetPostprocessor.OnPostprocessAllAssets                                                                      :       10 samples, Peak.   197 us (4.6x), Avg.  42.5 us, Total. 425.4 us (0.0%)
[Performance] BuilderAssetPostprocessor.OnPostprocessAllAssets                                                               :       10 samples, Peak.  4.06 ms (4.9x), Avg.   826 us, Total. 8.256 ms (0.0%)
[Performance] AddressablesAssetPostProcessor.OnPostprocessAllAssets                                                          :       10 samples, Peak.  18.3 ms (4.3x), Avg.  4.24 ms, Total. 42.36 ms (0.1%)
[Performance] ArtifactBrowserPostProcessor.OnPostprocessAllAssets                                                            :       10 samples, Peak.   417 us (4.7x), Avg.  88.7 us, Total. 887.5 us (0.0%)
[Performance] AssetEvents.OnPostprocessAllAssets                                                                             :       20 samples, Peak.   128 us (6.7x), Avg.  19.1 us, Total. 382.0 us (0.0%)
[Performance] AudioContainerPostProcessor.OnPostprocessAllAssets                                                             :       10 samples, Peak.  54.4 us (4.2x), Avg.  13.1 us, Total. 130.9 us (0.0%)
[Performance] AudioMixerPostprocessor.OnPostprocessAllAssets                                                                 :       10 samples, Peak.   200 us (4.8x), Avg.  41.7 us, Total. 416.9 us (0.0%)
[Performance] StyleCatalogPostProcessor.OnPostprocessAllAssets                                                               :       10 samples, Peak.  15.2 ms (5.0x), Avg.  3.05 ms, Total. 30.48 ms (0.0%)
[Performance] BuildCatalog                                                                                                   :        1 samples, Peak.  14.4 ms (1.0x), Avg.  14.4 ms, Total. 14.39 ms (0.0%)
[Performance] ModelImporterPostProcessor.OnPostprocessAllAssets                                                              :       10 samples, Peak.   957 us (4.3x), Avg.   221 us, Total. 2.209 ms (0.0%)
[Performance] AssetDatabaseProxy.OnPostprocessAllAssets                                                                      :       10 samples, Peak.   288 ms (5.0x), Avg.  57.7 ms, Total. 577.5 ms (0.9%)
[Performance] MaterialPostprocessor.OnPostprocessAllAssets                                                                   :       20 samples, Peak.   801 us (4.8x), Avg.   167 us, Total. 3.345 ms (0.0%)
[Performance] UniversalRenderPipelineGlobalSettingsPostprocessor.OnPostprocessAllAssets                                      :       10 samples, Peak.  14.7 ms (5.0x), Avg.  2.95 ms, Total. 29.51 ms (0.0%)
[Performance] RetainedModeAssetPostprocessor.OnPostprocessAllAssets                                                          :       10 samples, Peak.  1.88 ms (4.9x), Avg.   387 us, Total. 3.870 ms (0.0%)
[Performance] AssetChangedListener.OnPostprocessAllAssets                                                                    :       10 samples, Peak.  1.41 ms (3.1x), Avg.   457 us, Total. 4.569 ms (0.0%)
[Performance] PostProcessor.OnPostprocessAllAssets                                                                           :       10 samples, Peak.   568 us (3.3x), Avg.   171 us, Total. 1.711 ms (0.0%)
[Performance] ShaderGraphAssetPostProcessor.OnPostprocessAllAssets                                                           :       10 samples, Peak.  4.10 ms (3.5x), Avg.  1.16 ms, Total. 11.65 ms (0.0%)
[Performance] SpeedTreePostProcessor.OnPostprocessAllAssets                                                                  :       10 samples, Peak.   198 us (4.7x), Avg.  42.3 us, Total. 423.2 us (0.0%)
[Performance] TerrainToolbarOverlayPostProcessor.OnPostprocessAllAssets                                                      :       10 samples, Peak.   334 us (4.8x), Avg.  69.0 us, Total. 690.5 us (0.0%)
[Performance] TextAssetPostProcessor.OnPostprocessAllAssets                                                                  :       10 samples, Peak.   359 us (1.9x), Avg.   186 us, Total. 1.859 ms (0.0%)
[Performance] SpriteEditorTexturePostprocessor.OnPostprocessAllAssets                                                        :       10 samples, Peak.   454 us (4.0x), Avg.   113 us, Total. 1.127 ms (0.0%)
[Performance] AssetPathToTypes.OnPostprocessAllAssets                                                                        :       10 samples, Peak.   361 us (4.8x), Avg.  74.5 us, Total. 744.8 us (0.0%)
[Performance] SyncVS.PostprocessSyncProject                                                                                  :        5 samples, Peak.   929 us (2.9x), Avg.   319 us, Total. 1.594 ms (0.0%)
[Performance] Application.ImportPackagesAndSetTemplateWhenCreatingProject                                                    :        1 samples, Peak.  29.5 ms (1.0x), Avg.  29.5 ms, Total. 29.52 ms (0.0%)
[Performance] Application.SyncCurrentColorSpace                                                                              :        1 samples, Peak.  14.5 ms (1.0x), Avg.  14.5 ms, Total. 14.49 ms (0.0%)
[Performance] Application.OnUsbDevicesChanged                                                                                :        1 samples, Peak.   435 us (1.0x), Avg.   435 us, Total. 435.2 us (0.0%)
[Performance] Application.AssetInstanceCacheUpdate                                                                           :        1 samples, Peak.   167 ns (1.0x), Avg.   167 ns, Total. 167.0 ns (0.0%)
[Performance] Application.UnityExtensions.Initialize                                                                         :        1 samples, Peak.  18.5 ms (1.0x), Avg.  18.5 ms, Total. 18.47 ms (0.0%)
[Performance] CodeEditorProjectSync.SyncEditorProject                                                                        :        1 samples, Peak.   109 ms (1.0x), Avg.   109 ms, Total. 109.4 ms (0.2%)
[Performance] Application.ExecuteStartups                                                                                    :        1 samples, Peak.  28.0 ms (1.0x), Avg.  28.0 ms, Total. 28.00 ms (0.0%)
[Performance] Menu.RegisterMenuInterface                                                                                     :       26 samples, Peak.  3.83 us (11.6x), Avg.   330 ns, Total. 8.583 us (0.0%)
[Performance] Gizmo.RebuildRenderers                                                                                         :        1 samples, Peak.  26.0 ms (1.0x), Avg.  26.0 ms, Total. 26.05 ms (0.0%)
[Performance] Gizmo.AddGizmoRenderers                                                                                        :      153 samples, Peak.  1.51 ms (42.3x), Avg.  35.7 us, Total. 5.468 ms (0.0%)
[Performance] Application.editorInitializingProject                                                                          :        1 samples, Peak.  29.0 ms (1.0x), Avg.  29.0 ms, Total. 28.95 ms (0.0%)
[Performance] Application.InitializeMenu                                                                                     :        1 samples, Peak.   176 ms (1.0x), Avg.   176 ms, Total. 175.6 ms (0.3%)
[Performance] Menu.RebuildAll                                                                                                :        1 samples, Peak.   176 ms (1.0x), Avg.   176 ms, Total. 175.6 ms (0.3%)
[Performance] Menu.BuildRegisteredMenuInterfaces                                                                             :        1 samples, Peak.   175 ms (1.0x), Avg.   175 ms, Total. 174.7 ms (0.3%)
[Performance] Menu.FilterMenuItem                                                                                            :      988 samples, Peak.  13.4 ms (969.5x), Avg.  13.8 us, Total. 13.67 ms (0.0%)
[Performance] UpdateAllMenus                                                                                                 :        1 samples, Peak.   398 us (1.0x), Avg.   398 us, Total. 398.0 us (0.0%)
[Performance] EditorSceneManager.sceneClosing: UnityEditor.SceneVisibilityManager.EditorSceneManagerOnSceneClosing           :        2 samples, Peak.   254 us (1.2x), Avg.   219 us, Total. 437.8 us (0.0%)
[Performance] GUIView.RepaintAll.PlayerLoopController                                                                        :        2 samples, Peak.   138 us (2.0x), Avg.  69.3 us, Total. 138.6 us (0.0%)
[Performance] EditorSceneManager.newSceneCreated: UnityEditor.SceneTemplate.SceneTemplateService.OnNewSceneCreated           :        2 samples, Peak.   167 us (2.0x), Avg.  84.3 us, Total. 168.6 us (0.0%)
[Performance] EditorSceneManager.newSceneCreated: UnityEditor.SceneVisibilityManager.EditorSceneManagerOnNewSceneCreated     :        2 samples, Peak.   203 us (1.8x), Avg.   112 us, Total. 225.0 us (0.0%)
[Performance] EditorSceneManager.newSceneCreated: UnityEditor.SceneManagement.StageNavigationManager.OnNewSceneCreated       :        2 samples, Peak.  46.5 us (1.6x), Avg.  28.8 us, Total. 57.54 us (0.0%)
[Performance] Application.InvokeFinishedLoadingProject                                                                       :        1 samples, Peak.  26.4 ms (1.0x), Avg.  26.4 ms, Total. 26.43 ms (0.0%)
[Performance] ProcessService.OnProjectLoaded                                                                                 :        1 samples, Peak.  91.2 us (1.0x), Avg.  91.2 us, Total. 91.25 us (0.0%)
[Performance] StateMacroSavedEvent.OnWillSaveAssets                                                                          :        4 samples, Peak.   601 us (2.1x), Avg.   287 us, Total. 1.147 ms (0.0%)
[Performance] FlowMacroSavedEvent.OnWillSaveAssets                                                                           :        4 samples, Peak.   305 us (2.3x), Avg.   135 us, Total. 539.8 us (0.0%)
[Performance] AssetModificationProcessor.OnWillSaveAssets                                                                    :        4 samples, Peak.   108 us (3.9x), Avg.  27.9 us, Total. 111.6 us (0.0%)
[Performance] BuilderAssetModificationProcessor.OnWillSaveAssets                                                             :        4 samples, Peak.   212 us (3.7x), Avg.  56.8 us, Total. 227.4 us (0.0%)
[Performance] TerrainModificationProcessor.OnWillSaveAssets                                                                  :        4 samples, Peak.   429 us (4.0x), Avg.   108 us, Total. 432.6 us (0.0%)
[Performance] AudioContainerModificationProcessor.OnWillSaveAssets                                                           :        4 samples, Peak.  35.8 us (3.5x), Avg.  10.2 us, Total. 40.96 us (0.0%)
[Performance] ShaderImporter.SourceAssetModified                                                                             :        3 samples, Peak.   417 ns (1.6x), Avg.   264 ns, Total. 791.0 ns (0.0%)
[Performance] ShaderIncludeImporter.SourceAssetModified                                                                      :        3 samples, Peak.  4.75 us (2.2x), Avg.  2.15 us, Total. 6.458 us (0.0%)
[Performance] GenerateAssemblyTypeInfos                                                                                      :        2 samples, Peak.  90.4 ms (1.1x), Avg.  85.3 ms, Total. 170.6 ms (0.3%)
[Performance] AssetDatabase.Refresh                                                                                          :        1 samples, Peak.  1.11 s (1.0x), Avg.  1.11 s, Total. 1.107 s (1.8%)
[Performance] Application.Shutdown.SaveDefaultWindowPreferences                                                              :        1 samples, Peak.   358 us (1.0x), Avg.   358 us, Total. 357.8 us (0.0%)
[Performance] Application.Shutdown.SaveSceneManagerSetup                                                                     :        1 samples, Peak.   384 us (1.0x), Avg.   384 us, Total. 384.4 us (0.0%)
[Performance] Application.Shutdown.CleanupAllContainerWindows                                                                :        1 samples, Peak.  1.79 us (1.0x), Avg.  1.79 us, Total. 1.792 us (0.0%)
[Performance] EditorApplication.quitting: Unity.Burst.Editor.BurstLoader.OnEditorApplicationQuitting                         :        1 samples, Peak.   119 us (1.0x), Avg.   119 us, Total. 119.0 us (0.0%)
[Performance] EditorApplication.quitting: callback in TMPro.EditorEventCallbacks                                             :        1 samples, Peak.   142 ms (1.0x), Avg.   142 ms, Total. 142.0 ms (0.2%)
[Performance] EditorApplication.quitting: callback in UnityEditor.TextCore.Text.EditorEventCallbacks                         :        1 samples, Peak.  8.50 ms (1.0x), Avg.  8.50 ms, Total. 8.502 ms (0.0%)
[Performance] EditorApplication.quitting: ThreadingManager.WaitForOutstandingTasks                                           :        1 samples, Peak.   617 us (1.0x), Avg.   617 us, Total. 617.2 us (0.0%)
[Performance] Application.Shutdown.PauseProfilerSession                                                                      :        1 samples, Peak.  1.46 ms (1.0x), Avg.  1.46 ms, Total. 1.465 ms (0.0%)
[Performance] Application.Shutdown.PauseAssetImportWorkers                                                                   :        1 samples, Peak.   114 us (1.0x), Avg.   114 us, Total. 113.5 us (0.0%)
[Performance] Application.Shutdown.SaveAssets                                                                                :        1 samples, Peak.  76.9 ms (1.0x), Avg.  76.9 ms, Total. 76.86 ms (0.1%)
[Performance] Application.Shutdown.CleanupRenderPipeline                                                                     :        1 samples, Peak.  1.88 us (1.0x), Avg.  1.88 us, Total. 1.875 us (0.0%)
[Performance] Application.Shutdown.StopPreloadManager                                                                        :        1 samples, Peak.  10.8 ms (1.0x), Avg.  10.8 ms, Total. 10.84 ms (0.0%)
[Performance] Application.Shutdown.DestroyWorld                                                                              :        1 samples, Peak.   592 us (1.0x), Avg.   592 us, Total. 592.1 us (0.0%)
[Performance] Application.Shutdown.CleanupAfterLoad                                                                          :        1 samples, Peak.   414 ms (1.0x), Avg.   414 ms, Total. 413.7 ms (0.7%)
[Performance] Application.Shutdown.Progress                                                                                  :        1 samples, Peak.   198 us (1.0x), Avg.   198 us, Total. 197.5 us (0.0%)
[Performance] Application.Shutdown.GICleanupManagers                                                                         :        1 samples, Peak.  3.62 ms (1.0x), Avg.  3.62 ms, Total. 3.619 ms (0.0%)
[Performance] Application.Shutdown.MenuCleanupClass                                                                          :        1 samples, Peak.   548 us (1.0x), Avg.   548 us, Total. 548.2 us (0.0%)
[Performance] Application.Shutdown.ADBSaveStateBeforeShutdown                                                                :        1 samples, Peak.  9.46 us (1.0x), Avg.  9.46 us, Total. 9.459 us (0.0%)
[Performance] Application.Shutdown.RemoteShutdown                                                                            :        1 samples, Peak.  3.29 us (1.0x), Avg.  3.29 us, Total. 3.292 us (0.0%)
[Performance] Application.Shutdown.CleanupVCProvider                                                                         :        1 samples, Peak.   471 us (1.0x), Avg.   471 us, Total. 471.2 us (0.0%)
[Performance] Application.Shutdown.InputShutdown                                                                             :        1 samples, Peak.   148 us (1.0x), Avg.   148 us, Total. 148.2 us (0.0%)
[Performance] Application.Shutdown.GizmoManagerDestroy                                                                       :        1 samples, Peak.   637 us (1.0x), Avg.   637 us, Total. 637.2 us (0.0%)
[Performance] Application.Shutdown.ProfilerSession                                                                           :        1 samples, Peak.   716 us (1.0x), Avg.   716 us, Total. 716.5 us (0.0%)
[Performance] Application.Shutdown.ReleaseGfxWindowOnAllGUIViews                                                             :        1 samples, Peak.  2.67 us (1.0x), Avg.  2.67 us, Total. 2.667 us (0.0%)
[Performance] Application.Shutdown.CleanupEngine                                                                             :        1 samples, Peak.   153 ms (1.0x), Avg.   153 ms, Total. 152.7 ms (0.3%)
[Performance] Application.Shutdown.CleanupAssetDatabase                                                                      :        1 samples, Peak.  24.0 ms (1.0x), Avg.  24.0 ms, Total. 23.97 ms (0.0%)
[Performance] Application.Shutdown.ScriptCompilationCleanUp                                                                  :        1 samples, Peak.  22.0 us (1.0x), Avg.  22.0 us, Total. 22.00 us (0.0%)
[Performance] Application.Shutdown.DestroyJobSystem                                                                          :        1 samples, Peak.   316 us (1.0x), Avg.   316 us, Total. 316.5 us (0.0%)
[Performance] Application.Shutdown.CleanupPersistentManager                                                                  :        1 samples, Peak.  4.54 ms (1.0x), Avg.  4.54 ms, Total. 4.542 ms (0.0%)
[Performance] Application.Shutdown.CleanupAsyncReadManager                                                                   :        1 samples, Peak.  1.20 ms (1.0x), Avg.  1.20 ms, Total. 1.197 ms (0.0%)
[Performance] Application.Shutdown.CleanupMono                                                                               :        1 samples, Peak.   323 ms (1.0x), Avg.   323 ms, Total. 322.6 ms (0.5%)
[Performance] Application.Shutdown.CleanupStdConverters                                                                      :        1 samples, Peak.  8.96 us (1.0x), Avg.  8.96 us, Total. 8.958 us (0.0%)
[Performance] Application.Shutdown.UnloadAllPlatformSupportModuleNativeDlls                                                  :        1 samples, Peak.  2.42 us (1.0x), Avg.  2.42 us, Total. 2.417 us (0.0%)
[Performance] Application.Shutdown.UnloadAllPlatformSupportNativeLibraries                                                   :        1 samples, Peak.   167 ns (1.0x), Avg.   167 ns, Total. 167.0 ns (0.0%)
[Performance] Application.Shutdown.CleanupAutoDocumentation                                                                  :        1 samples, Peak.   453 us (1.0x), Avg.   453 us, Total. 453.2 us (0.0%)
[Performance] Application.Shutdown.ShaderNameManagerDestroy                                                                  :        1 samples, Peak.   291 us (1.0x), Avg.   291 us, Total. 291.3 us (0.0%)
[Performance] Application.Shutdown.CleanupCacheServer                                                                        :        1 samples, Peak.   125 ns (1.0x), Avg.   125 ns, Total. 125.0 ns (0.0%)
[Performance] Application.Shutdown.Virtualization_Shutdown                                                                   :        1 samples, Peak.   208 ns (1.0x), Avg.   208 ns, Total. 208.0 ns (0.0%)
[Performance] Application.Shutdown.DevConnections                                                                            :        1 samples, Peak.   440 us (1.0x), Avg.   440 us, Total. 439.6 us (0.0%)
Thread: ID 8468979328, CleanupSafetyData: safetyData 1180559d0
Thread: ID 8468979328, CleanupSafetyData: safetyData 118056c60
Thread: ID 8468979328, CleanupSafetyData: safetyData 118056cf0
Thread: ID 8468979328, CleanupSafetyData: safetyData 11916aae0
Thread: ID 8468979328, CleanupSafetyData: safetyData 11937b290
Thread: ID 8468979328, CleanupSafetyData: safetyData 1191d4b90
[Package Manager] Server process was shutdown
Checking for leaked weakptr:
  Found no leaked weakptrs.
Memory Statistics:
[ALLOC_TEMP_TLS] TLS Allocator
  StackAllocators : 
    [ALLOC_TEMP_CurlRequest]
      Initial Block Size 64.0 KB
      Current Block Size 64.0 KB
      Peak Allocated Bytes 0 B
      Overflow Count 0
    [ALLOC_TEMP_MAIN]
      Initial Block Size 16.0 MB
      Current Block Size 123.1 MB
      Peak Allocated Bytes 116.6 MB
      Overflow Count 1
    [ALLOC_TEMP_Background Job.worker 4]
      Initial Block Size 32.0 KB
      Current Block Size 32.0 KB
      Peak Allocated Bytes 0 B
      Overflow Count 0
    [ALLOC_TEMP_Loading.PreloadManager]
      Initial Block Size 32.0 MB
      Current Block Size 32.0 MB
      Peak Allocated Bytes 0 B
      Overflow Count 0
    [ALLOC_TEMP_Background Job.worker 3]
      Initial Block Size 32.0 KB
      Current Block Size 32.0 KB
      Peak Allocated Bytes 0 B
      Overflow Count 0
    [ALLOC_TEMP_Background Job.worker 11]
      Initial Block Size 32.0 KB
      Current Block Size 32.0 KB
      Peak Allocated Bytes 0 B
      Overflow Count 0
    [ALLOC_TEMP_Background Job.worker 7]
      Initial Block Size 32.0 KB
      Current Block Size 32.0 KB
      Peak Allocated Bytes 0 B
      Overflow Count 0
    [ALLOC_TEMP_EditorTaskManager]
      Initial Block Size 64.0 KB
      Current Block Size 80.0 KB
      Peak Allocated Bytes 64.0 KB
      Overflow Count 0
    [ALLOC_TEMP_Background Job.worker 6]
      Initial Block Size 32.0 KB
      Current Block Size 32.0 KB
      Peak Allocated Bytes 0 B
      Overflow Count 0
    [ALLOC_TEMP_CloudJob.worker 0]
      Initial Block Size 32.0 KB
      Current Block Size 32.0 KB
      Peak Allocated Bytes 23.6 KB
      Overflow Count 0
    [ALLOC_TEMP_Profiler.Dispatcher]
      Initial Block Size 64.0 KB
      Current Block Size 64.0 KB
      Peak Allocated Bytes 0 B
      Overflow Count 0
    [ALLOC_TEMP_Background Job.worker 12]
      Initial Block Size 32.0 KB
      Current Block Size 32.0 KB
      Peak Allocated Bytes 0 B
      Overflow Count 0
    [ALLOC_TEMP_Background Job.worker 2]
      Initial Block Size 32.0 KB
      Current Block Size 32.0 KB
      Peak Allocated Bytes 107 B
      Overflow Count 0
    [ALLOC_TEMP_Background Job.worker 10]
      Initial Block Size 32.0 KB
      Current Block Size 32.0 KB
      Peak Allocated Bytes 0 B
      Overflow Count 0
    [ALLOC_TEMP_Background Job.worker 15]
      Initial Block Size 32.0 KB
      Current Block Size 32.0 KB
      Peak Allocated Bytes 0 B
      Overflow Count 0
    [ALLOC_TEMP_Job.worker 5]
      Initial Block Size 256.0 KB
      Current Block Size 1.0 MB
      Peak Allocated Bytes 1.0 MB
      Overflow Count 1
    [ALLOC_TEMP_Background Job.worker 8]
      Initial Block Size 32.0 KB
      Current Block Size 32.0 KB
      Peak Allocated Bytes 0 B
      Overflow Count 0
    [ALLOC_TEMP_Background Job.worker 13]
      Initial Block Size 32.0 KB
      Current Block Size 32.0 KB
      Peak Allocated Bytes 0 B
      Overflow Count 0
    [ALLOC_TEMP_BakingJobs.worker 0]
      Initial Block Size 256.0 KB
      Current Block Size 256.0 KB
      Peak Allocated Bytes 0 B
      Overflow Count 0
    [ALLOC_TEMP_AssetGarbageCollectorHelper] x 9
      Initial Block Size 64.0 KB
      Current Block Size 64.0 KB
      Peak Allocated Bytes 0 B
      Overflow Count 0
    [ALLOC_TEMP_BakingJobs.worker 9]
      Initial Block Size 256.0 KB
      Current Block Size 256.0 KB
      Peak Allocated Bytes 0 B
      Overflow Count 0
    [ALLOC_TEMP_BakingJobs.worker 6]
      Initial Block Size 256.0 KB
      Current Block Size 256.0 KB
      Peak Allocated Bytes 0 B
      Overflow Count 0
    [ALLOC_TEMP_BakingJobs.worker 7]
      Initial Block Size 256.0 KB
      Current Block Size 256.0 KB
      Peak Allocated Bytes 0 B
      Overflow Count 0
    [ALLOC_TEMP_BakingJobs.worker 4]
      Initial Block Size 256.0 KB
      Current Block Size 256.0 KB
      Peak Allocated Bytes 0 B
      Overflow Count 0
    [ALLOC_TEMP_Background Job.worker 0]
      Initial Block Size 32.0 KB
      Current Block Size 32.0 KB
      Peak Allocated Bytes 0 B
      Overflow Count 0
    [ALLOC_TEMP_Job.worker 6]
      Initial Block Size 256.0 KB
      Current Block Size 1.0 MB
      Peak Allocated Bytes 1.0 MB
      Overflow Count 1
    [ALLOC_TEMP_Job.worker 8]
      Initial Block Size 256.0 KB
      Current Block Size 1.0 MB
      Peak Allocated Bytes 1.0 MB
      Overflow Count 0
    [ALLOC_TEMP_Background Job.worker 14]
      Initial Block Size 32.0 KB
      Current Block Size 32.0 KB
      Peak Allocated Bytes 0 B
      Overflow Count 0
    [ALLOC_TEMP_AUDIO_Audio Mixer Thread]
      Initial Block Size 64.0 KB
      Current Block Size 64.0 KB
      Peak Allocated Bytes 0 B
      Overflow Count 0
    [ALLOC_TEMP_BakingJobs.worker 1]
      Initial Block Size 256.0 KB
      Current Block Size 256.0 KB
      Peak Allocated Bytes 0 B
      Overflow Count 0
    [ALLOC_TEMP_BatchDeleteObjects]
      Initial Block Size 64.0 KB
      Current Block Size 64.0 KB
      Peak Allocated Bytes 0 B
      Overflow Count 0
    [ALLOC_TEMP_BakingJobs.worker 5]
      Initial Block Size 256.0 KB
      Current Block Size 256.0 KB
      Peak Allocated Bytes 0 B
      Overflow Count 0
    [ALLOC_TEMP_AUDIO_FMOD stream thread]
      Initial Block Size 64.0 KB
      Current Block Size 64.0 KB
      Peak Allocated Bytes 0 B
      Overflow Count 0
    [ALLOC_TEMP_CoreBusinessMetricsCache]
      Initial Block Size 64.0 KB
      Current Block Size 64.0 KB
      Peak Allocated Bytes 7.4 KB
      Overflow Count 0
    [ALLOC_TEMP_Background Job.worker 9]
      Initial Block Size 32.0 KB
      Current Block Size 32.0 KB
      Peak Allocated Bytes 0 B
      Overflow Count 0
    [ALLOC_TEMP_Job.worker 0]
      Initial Block Size 256.0 KB
      Current Block Size 1.0 MB
      Peak Allocated Bytes 1.0 MB
      Overflow Count 1
    [ALLOC_TEMP_Job.worker 4]
      Initial Block Size 256.0 KB
      Current Block Size 1.0 MB
      Peak Allocated Bytes 1.0 MB
      Overflow Count 1
    [ALLOC_TEMP_Background Job.worker 1]
      Initial Block Size 32.0 KB
      Current Block Size 256.0 KB
      Peak Allocated Bytes 117.7 KB
      Overflow Count 4039
    [ALLOC_TEMP_AssetDatabase.IOService]
      Initial Block Size 64.0 KB
      Current Block Size 64.0 KB
      Peak Allocated Bytes 0 B
      Overflow Count 0
    [ALLOC_TEMP_Job.worker 1]
      Initial Block Size 256.0 KB
      Current Block Size 1.0 MB
      Peak Allocated Bytes 1.0 MB
      Overflow Count 1
    [ALLOC_TEMP_BakingJobs.worker 3]
      Initial Block Size 256.0 KB
      Current Block Size 256.0 KB
      Peak Allocated Bytes 0 B
      Overflow Count 0
    [ALLOC_TEMP_Background Job.worker 5]
      Initial Block Size 32.0 KB
      Current Block Size 32.0 KB
      Peak Allocated Bytes 0 B
      Overflow Count 0
    [ALLOC_TEMP_Job.worker 3]
      Initial Block Size 256.0 KB
      Current Block Size 1.0 MB
      Peak Allocated Bytes 1.0 MB
      Overflow Count 1
    [ALLOC_TEMP_BakingJobs.worker 2]
      Initial Block Size 256.0 KB
      Current Block Size 256.0 KB
      Peak Allocated Bytes 0 B
      Overflow Count 0
    [ALLOC_TEMP_Job.worker 2]
      Initial Block Size 256.0 KB
      Current Block Size 1.0 MB
      Peak Allocated Bytes 1.0 MB
      Overflow Count 1
    [ALLOC_TEMP_Job.worker 7]
      Initial Block Size 256.0 KB
      Current Block Size 1.0 MB
      Peak Allocated Bytes 1.0 MB
      Overflow Count 1
    [ALLOC_TEMP_BakingJobs.worker 8]
      Initial Block Size 256.0 KB
      Current Block Size 256.0 KB
      Peak Allocated Bytes 0 B
      Overflow Count 0
    [ALLOC_TEMP_Loading.AsyncRead]
      Initial Block Size 64.0 KB
      Current Block Size 64.0 KB
      Peak Allocated Bytes 128 B
      Overflow Count 0
[ALLOC_MEMORYPROFILER]
  Requested Block Size 1.0 MB
  Peak Block count 3
  Peak Allocated memory 2.4 MB
  Peak Large allocation bytes 0 B
[ALLOC_DEFAULT] Dual Thread Allocator
  Peak main deferred allocation count 2955
    [ALLOC_BUCKET]
      Large Block size 32.0 MB
      Used Block count 2
      Peak Allocated bytes 24.8 MB
    [ALLOC_DEFAULT_MAIN]
      Requested Block Size 16.0 MB
      Peak Block count 64
      Peak Allocated memory 0.97 GB
      Peak Large allocation bytes 0 B
    [ALLOC_DEFAULT_THREAD]
      Requested Block Size 16.0 MB
      Peak Block count 1
      Peak Allocated memory 86.0 MB
      Peak Large allocation bytes 86.0 MB
[ALLOC_TEMP_JOB_1_FRAME]
  Initial Block Size 2.0 MB
  Used Block Count 0
  Overflow Count (too large) 0
  Overflow Count (full) 0
[ALLOC_TEMP_JOB_2_FRAMES]
  Initial Block Size 2.0 MB
  Used Block Count 0
  Overflow Count (too large) 0
  Overflow Count (full) 0
[ALLOC_TEMP_JOB_4_FRAMES (JobTemp)]
  Initial Block Size 2.0 MB
  Used Block Count 1
  Overflow Count (too large) 0
  Overflow Count (full) 0
[ALLOC_TEMP_JOB_ASYNC (Background)]
  Initial Block Size 1.0 MB
  Used Block Count 1
  Overflow Count (too large) 4
  Overflow Count (full) 0
[ALLOC_GFX] Dual Thread Allocator
  Peak main deferred allocation count 128
    [ALLOC_BUCKET]
      Large Block size 32.0 MB
      Used Block count 2
      Peak Allocated bytes 24.8 MB
    [ALLOC_GFX_MAIN]
      Requested Block Size 16.0 MB
      Peak Block count 9
      Peak Allocated memory 140.5 MB
      Peak Large allocation bytes 0 B
    [ALLOC_GFX_THREAD]
      Requested Block Size 16.0 MB
      Peak Block count 1
      Peak Allocated memory 56.6 KB
      Peak Large allocation bytes 0 B
[ALLOC_CACHEOBJECTS] Dual Thread Allocator
  Peak main deferred allocation count 38334
    [ALLOC_BUCKET]
      Large Block size 32.0 MB
      Used Block count 2
      Peak Allocated bytes 24.8 MB
    [ALLOC_CACHEOBJECTS_MAIN]
      Requested Block Size 4.0 MB
      Peak Block count 14
      Peak Allocated memory 113.1 MB
      Peak Large allocation bytes 65.7 MB
    [ALLOC_CACHEOBJECTS_THREAD]
      Requested Block Size 4.0 MB
      Peak Block count 0
      Peak Allocated memory 0 B
      Peak Large allocation bytes 0 B
[ALLOC_TYPETREE] Dual Thread Allocator
  Peak main deferred allocation count 1304
    [ALLOC_BUCKET]
      Large Block size 32.0 MB
      Used Block count 2
      Peak Allocated bytes 24.8 MB
    [ALLOC_TYPETREE_MAIN]
      Requested Block Size 2.0 MB
      Peak Block count 6
      Peak Allocated memory 11.8 MB
      Peak Large allocation bytes 0 B
    [ALLOC_TYPETREE_THREAD]
      Requested Block Size 2.0 MB
      Peak Block count 0
      Peak Allocated memory 0 B
      Peak Large allocation bytes 0 B
[ALLOC_PROFILER]
  Requested Block Size 16.0 MB
  Peak Block count 1
  Peak Allocated memory 0.5 MB
  Peak Large allocation bytes 0 B
    [ALLOC_PROFILER_BUCKET]
      Large Block size 32.0 MB
      Used Block count 1
      Peak Allocated bytes 10.9 KB
[ALLOC_PROFILER_EDITOR]
  Requested Block Size 1.0 MB
  Peak Block count 0
  Peak Allocated memory 0 B
  Peak Large allocation bytes 0 B
    [ALLOC_PROFILER_BUCKET]
      Large Block size 32.0 MB
      Used Block count 1
      Peak Allocated bytes 10.9 KB
##utp:{"type":"MemoryLeaks","version":2,"phase":"Immediate","time":1787274764428,"processId":12232,"allocatedMemory":23420396,"memoryLabels":[{"Default":12701},{"Permanent":15320},{"Thread":1084616},{"Manager":28494},{"VertexData":8},{"Geometry":408},{"Texture":160},{"Shader":77359},{"Material":24},{"GfxDevice":37744},{"Animation":344},{"Audio":3960},{"Font":3840774},{"FontEngine":240},{"Physics":369},{"Serialization":696},{"Input":8944},{"JobScheduler":33024},{"Mono":32},{"ScriptingNativeRuntime":155032},{"BaseObject":1619328},{"Resource":912},{"Renderer":2336},{"Transform":4654},{"File":692},{"WebCam":32},{"Culling":32},{"Terrain":857},{"Wind":24},{"String":29675},{"DynamicArray":120944},{"HashMap":96264},{"Utility":2659280},{"Curl":1040},{"PoolAlloc":1568},{"AI":72},{"TypeTree":4493},{"ScriptManager":512},{"RuntimeInitializeOnLoadManager":64},{"SpriteAtlas":112},{"GI":7280},{"Director":8064},{"CloudService":15416},{"WebRequest":11185},{"VR":45577},{"SceneManager":504},{"Video":1088},{"LazyScriptCache":32},{"NativeArray":8},{"Camera":17},{"Secure":9497},{"Image":4194304},{"SerializationCache":1576},{"APIUpdating":10320},{"Subsystems":336},{"VirtualTexturing":57504},{"StaticSafetyDebugInfo":278528},{"Analytics":536},{"Gui":80},{"EditorUtility":27710},{"VersionControl":4},{"Undo":640},{"AssetDatabase":8852394},{"EditorGi":328},{"UnityConnect":24992},{"Collab":593},{"Upm":1496},{"DrivenProperties":72},{"LocalIPC":202},{"ProfilerEditor":9730},{"CoreBusinessMetrics":13635},{"Licensing":3544},{"AssetReference":32},{"IPCStream":32}]}
